kernel,precision,node,energy_mj_per_sample,allocation_inefficiency,is_most_efficient
stencil,fp16,cricket,1128.5739,1.0,yes
stencil,fp16,mandelbrot,1392.0837,1.2335,no
stencil,fp16,locust,2543.1947,2.2535,no
stencil,fp32,mandelbrot,1161.2299,1.0,yes
stencil,fp32,locust,3863.568,3.3271,no
stencil,fp32,cricket,4243.4895,3.6543,no
triad,fp16,mandelbrot,11.4955,1.0,yes
triad,fp16,locust,73.7915,6.4192,no
triad,fp16,cricket,77.9273,6.7789,no
triad,fp32,mandelbrot,17.2029,1.0,yes
triad,fp32,locust,139.0646,8.0838,no
triad,fp32,cricket,148.7342,8.6459,no
gemm,fp16,locust,207.6066,1.0,yes
gemm,fp16,cricket,217.6494,1.0484,no
gemm,fp16,mandelbrot,395.8291,1.9066,no
gemm,fp32,mandelbrot,1021.4572,1.0,yes
gemm,fp32,locust,1876.8624,1.8374,no
gemm,fp32,cricket,2299.5372,2.2512,no
