node,kernel,precision,n_runs,mean_power_w,power_sd,throughput_samples_per_s,throughput_sd,energy_mj_per_sample,energy_sd,energy_cv_pct
mandelbrot,stencil,fp32,20,100.3153,0.2034,86.3873,0.1958,1161.2299,2.2047,0.19
mandelbrot,stencil,fp16,20,95.8273,0.2273,68.8373,0.0135,1392.0837,3.337,0.24
mandelbrot,triad,fp32,20,62.4264,0.2261,3628.9191,24.8674,17.2029,0.0733,0.426
mandelbrot,triad,fp16,20,53.7436,0.1006,4675.299,26.2006,11.4955,0.0577,0.502
mandelbrot,gemm,fp32,20,291.9295,2.1594,285.797,0.1621,1021.4572,7.4881,0.733
mandelbrot,gemm,fp16,20,208.8281,1.6654,527.5717,0.2668,395.8291,3.1739,0.802
cricket,stencil,fp32,20,261.9318,1.808,61.7258,0.0396,4243.4895,31.3705,0.739
cricket,stencil,fp16,20,296.9529,0.9643,263.1225,0.209,1128.5739,3.9031,0.346
cricket,triad,fp32,20,295.2465,1.1676,1985.0754,6.6058,148.7342,0.6613,0.445
cricket,triad,fp16,20,296.1565,0.9866,3800.4247,3.4667,77.9273,0.2645,0.339
cricket,gemm,fp32,20,298.5651,0.5214,129.8371,0.0867,2299.5372,4.5544,0.198
cricket,gemm,fp16,20,298.1669,0.4021,1369.943,1.7376,217.6494,0.3676,0.169
locust,stencil,fp32,20,466.4066,1.6196,120.7191,0.037,3863.568,13.2556,0.343
locust,stencil,fp16,20,297.2632,1.0818,116.8857,0.0616,2543.1947,8.6128,0.339
locust,triad,fp32,20,595.4236,2.9623,4281.6393,5.288,139.0646,0.7033,0.506
locust,triad,fp16,20,597.1772,2.3716,8092.7445,18.4265,73.7915,0.1713,0.232
locust,gemm,fp32,20,681.2482,5.0799,362.9683,0.8826,1876.8624,10.1347,0.54
locust,gemm,fp16,20,750.4776,7.3384,3615.6545,71.7073,207.6066,2.314,1.115
