node,kernel,precision,run,mean_power_w,calls,total_samples,total_time_s,device,power_rows,idle_w
mandelbrot,stencil,fp32,10,100.1813,25819,25819,300.0082,ipu,300,41.6
mandelbrot,stencil,fp32,11,100.6372,25980,25980,300.0039,ipu,301,41.6
mandelbrot,stencil,fp32,12,100.1427,25880,25880,300.0096,ipu,300,41.6
mandelbrot,stencil,fp32,13,100.2733,25882,25882,300.0028,ipu,300,41.6
mandelbrot,stencil,fp32,14,100.2734,25954,25954,300.0018,ipu,301,41.6
mandelbrot,stencil,fp32,15,100.5103,25873,25873,300.0022,ipu,301,41.6
mandelbrot,stencil,fp32,16,100.3387,25968,25968,300.0031,ipu,300,41.6
mandelbrot,stencil,fp32,17,100.4480,25966,25966,300.0009,ipu,300,41.6
mandelbrot,stencil,fp32,18,100.4347,25977,25977,300.0057,ipu,300,41.6
mandelbrot,stencil,fp32,19,100.1150,25832,25832,300.0034,ipu,301,41.6
mandelbrot,stencil,fp32,20,100.2478,25944,25944,300.0113,ipu,301,41.6
mandelbrot,stencil,fp32,2,100.1535,25930,25930,300.0099,ipu,301,41.6
mandelbrot,stencil,fp32,3,100.5625,25884,25884,300.0052,ipu,301,41.6
mandelbrot,stencil,fp32,4,100.5233,25981,25981,300.0005,ipu,301,41.6
mandelbrot,stencil,fp32,5,100.2585,25977,25977,300.0028,ipu,301,41.6
mandelbrot,stencil,fp32,6,100.2070,25861,25861,300.0069,ipu,301,41.6
mandelbrot,stencil,fp32,7,100.2850,25957,25957,300.0040,ipu,300,41.6
mandelbrot,stencil,fp32,8,100.2920,25919,25919,300.0005,ipu,300,41.6
mandelbrot,stencil,fp32,9,100.6272,25951,25951,300.0042,ipu,301,41.6
mandelbrot,stencil,fp32,1,99.7937,25797,25797,300.0105,ipu,300,
mandelbrot,stencil,fp16,10,96.0817,20655,20655,300.0144,ipu,300,41.6
mandelbrot,stencil,fp16,11,96.1393,20655,20655,300.0138,ipu,300,41.6
mandelbrot,stencil,fp16,12,95.7897,20648,20648,300.0043,ipu,301,41.6
mandelbrot,stencil,fp16,13,95.5748,20650,20650,300.0088,ipu,301,41.6
mandelbrot,stencil,fp16,14,96.1043,20656,20656,300.0069,ipu,301,41.6
mandelbrot,stencil,fp16,15,95.9296,20646,20646,300.0107,ipu,301,41.6
mandelbrot,stencil,fp16,16,96.0987,20650,20650,300.0037,ipu,300,41.6
mandelbrot,stencil,fp16,17,95.7340,20655,20655,300.0129,ipu,300,41.6
mandelbrot,stencil,fp16,18,95.9283,20653,20653,300.0076,ipu,300,41.6
mandelbrot,stencil,fp16,19,95.6452,20656,20656,300.0095,ipu,301,41.6
mandelbrot,stencil,fp16,1,95.8303,20643,20643,300.0041,ipu,300,41.6
mandelbrot,stencil,fp16,20,95.7711,20654,20654,300.0077,ipu,301,41.6
mandelbrot,stencil,fp16,2,96.0073,20655,20655,300.0030,ipu,301,41.6
mandelbrot,stencil,fp16,3,95.8213,20656,20656,300.0145,ipu,301,41.6
mandelbrot,stencil,fp16,4,95.4023,20654,20654,300.0060,ipu,300,41.6
mandelbrot,stencil,fp16,5,95.6721,20652,20652,300.0101,ipu,301,41.6
mandelbrot,stencil,fp16,6,95.5508,20647,20647,300.0004,ipu,301,41.6
mandelbrot,stencil,fp16,7,95.8495,20649,20649,300.0145,ipu,301,41.6
mandelbrot,stencil,fp16,8,95.4740,20656,20656,300.0044,ipu,300,41.6
mandelbrot,stencil,fp16,9,96.1422,20645,20645,300.0022,ipu,301,41.6
mandelbrot,triad,fp32,10,62.2226,1083307,1083307,300.0002,ipu,301,41.6
mandelbrot,triad,fp32,11,62.6890,1094405,1094405,300.0002,ipu,300,41.6
mandelbrot,triad,fp32,12,62.3417,1084502,1084502,300.0001,ipu,300,41.6
mandelbrot,triad,fp32,13,62.3587,1083440,1083440,300.0002,ipu,300,41.6
mandelbrot,triad,fp32,14,62.5493,1090561,1090561,300.0001,ipu,300,41.6
mandelbrot,triad,fp32,15,62.5810,1087515,1087515,300.0002,ipu,300,41.6
mandelbrot,triad,fp32,16,62.3003,1091676,1091676,300.0001,ipu,301,41.6
mandelbrot,triad,fp32,17,62.6664,1099175,1099175,300.0002,ipu,301,41.6
mandelbrot,triad,fp32,18,62.4643,1092501,1092501,300.0000,ipu,300,41.6
mandelbrot,triad,fp32,19,62.3800,1088434,1088434,300.0002,ipu,300,41.6
mandelbrot,triad,fp32,20,62.4229,1093172,1093172,300.0002,ipu,301,41.6
mandelbrot,triad,fp32,2,62.4717,1081812,1081812,300.0000,ipu,300,41.6
mandelbrot,triad,fp32,3,62.4950,1092908,1092908,300.0001,ipu,300,41.6
mandelbrot,triad,fp32,4,62.5147,1088587,1088587,300.0002,ipu,300,41.6
mandelbrot,triad,fp32,5,62.4903,1098088,1098088,300.0001,ipu,300,41.6
mandelbrot,triad,fp32,6,62.3953,1087263,1087263,300.0002,ipu,301,41.6
mandelbrot,triad,fp32,7,62.7077,1099224,1099224,300.0000,ipu,300,41.6
mandelbrot,triad,fp32,8,62.5439,1088346,1088346,300.0003,ipu,301,41.6
mandelbrot,triad,fp32,9,62.2821,1081783,1081783,300.0002,ipu,301,41.6
mandelbrot,triad,fp32,1,61.6518,1066826,1066826,300.0001,ipu,301,
mandelbrot,triad,fp16,10,53.7427,1398173,1398173,300.0002,ipu,300,41.6
mandelbrot,triad,fp16,11,53.7993,1407011,1407011,300.0001,ipu,301,41.6
mandelbrot,triad,fp16,12,53.7661,1395484,1395484,300.0001,ipu,301,41.6
mandelbrot,triad,fp16,13,53.7580,1386313,1386313,300.0001,ipu,300,41.6
mandelbrot,triad,fp16,14,53.8650,1405814,1405814,300.0002,ipu,300,41.6
mandelbrot,triad,fp16,15,53.9800,1416460,1416460,300.0000,ipu,300,41.6
mandelbrot,triad,fp16,16,53.6983,1404290,1404290,300.0000,ipu,300,41.6
mandelbrot,triad,fp16,17,53.7581,1415808,1415808,300.0001,ipu,301,41.6
mandelbrot,triad,fp16,18,53.6687,1398340,1398340,300.0001,ipu,300,41.6
mandelbrot,triad,fp16,19,53.5863,1391093,1391093,300.0000,ipu,300,41.6
mandelbrot,triad,fp16,1,53.7233,1402464,1402464,300.0000,ipu,301,41.6
mandelbrot,triad,fp16,20,53.5853,1395633,1395633,300.0002,ipu,300,41.6
mandelbrot,triad,fp16,2,53.8043,1416087,1416087,300.0000,ipu,300,41.6
mandelbrot,triad,fp16,3,53.5777,1407859,1407859,300.0000,ipu,300,41.6
mandelbrot,triad,fp16,4,53.6435,1402419,1402419,300.0001,ipu,301,41.6
mandelbrot,triad,fp16,5,53.7525,1401106,1401106,300.0001,ipu,301,41.6
mandelbrot,triad,fp16,6,53.7453,1402957,1402957,300.0001,ipu,300,41.6
mandelbrot,triad,fp16,7,53.7437,1398765,1398765,300.0001,ipu,300,41.6
mandelbrot,triad,fp16,8,53.8143,1400290,1400290,300.0000,ipu,300,41.6
mandelbrot,triad,fp16,9,53.8593,1405436,1405436,300.0002,ipu,300,41.6
mandelbrot,gemm,fp32,10,292.0754,85753,351244288,300.0018,ipu,301,41.6
mandelbrot,gemm,fp32,11,291.8670,85721,351113216,300.0005,ipu,300,41.6
mandelbrot,gemm,fp32,12,293.4817,85706,351051776,300.0032,ipu,301,41.6
mandelbrot,gemm,fp32,13,293.5393,85739,351186944,300.0005,ipu,300,41.6
mandelbrot,gemm,fp32,14,290.4870,85751,351236096,300.0003,ipu,301,41.6
mandelbrot,gemm,fp32,15,292.5990,85733,351162368,300.0014,ipu,301,41.6
mandelbrot,gemm,fp32,16,293.9894,85747,351219712,300.0026,ipu,301,41.6
mandelbrot,gemm,fp32,17,291.5106,85715,351088640,300.0030,ipu,301,41.6
mandelbrot,gemm,fp32,18,295.3432,85762,351281152,300.0005,ipu,301,41.6
mandelbrot,gemm,fp32,19,294.9316,85792,351404032,300.0028,ipu,301,41.6
mandelbrot,gemm,fp32,20,292.7110,85773,351326208,300.0019,ipu,300,41.6
mandelbrot,gemm,fp32,2,287.0227,85666,350887936,300.0009,ipu,300,41.6
mandelbrot,gemm,fp32,3,286.9874,85752,351240192,300.0032,ipu,301,41.6
mandelbrot,gemm,fp32,4,290.5687,85775,351334400,300.0002,ipu,300,41.6
mandelbrot,gemm,fp32,5,290.4452,85714,351084544,300.0007,ipu,301,41.6
mandelbrot,gemm,fp32,6,291.6067,85728,351141888,300.0013,ipu,300,41.6
mandelbrot,gemm,fp32,7,291.9601,85830,351559680,300.0020,ipu,301,41.6
mandelbrot,gemm,fp32,8,291.8056,85717,351096832,300.0027,ipu,301,41.6
mandelbrot,gemm,fp32,9,292.1040,85808,351469568,300.0003,ipu,300,41.6
mandelbrot,gemm,fp32,1,293.5542,85609,350654464,300.0020,ipu,301,
mandelbrot,gemm,fp16,10,208.4243,158310,648437760,300.0012,ipu,301,41.6
mandelbrot,gemm,fp16,11,208.1700,158324,648495104,300.0001,ipu,300,41.6
mandelbrot,gemm,fp16,12,209.7914,158280,648314880,300.0018,ipu,301,41.6
mandelbrot,gemm,fp16,13,210.1983,158177,647892992,300.0007,ipu,300,41.6
mandelbrot,gemm,fp16,14,206.6270,158194,647962624,300.0017,ipu,300,41.6
mandelbrot,gemm,fp16,15,208.3728,158386,648749056,300.0013,ipu,301,41.6
mandelbrot,gemm,fp16,16,207.9420,158344,648577024,300.0013,ipu,300,41.6
mandelbrot,gemm,fp16,17,208.9266,158216,648052736,300.0010,ipu,301,41.6
mandelbrot,gemm,fp16,18,207.8183,158384,648740864,300.0006,ipu,300,41.6
mandelbrot,gemm,fp16,19,211.1654,158299,648392704,300.0015,ipu,301,41.6
mandelbrot,gemm,fp16,1,211.2897,158078,647487488,300.0010,ipu,300,
mandelbrot,gemm,fp16,20,208.4651,158255,648212480,300.0011,ipu,301,41.6
mandelbrot,gemm,fp16,2,206.8743,158285,648335360,300.0002,ipu,300,41.6
mandelbrot,gemm,fp16,3,207.3250,158293,648368128,300.0003,ipu,300,41.6
mandelbrot,gemm,fp16,4,208.9767,158320,648478720,300.0003,ipu,301,41.6
mandelbrot,gemm,fp16,5,210.1263,158298,648388608,300.0005,ipu,300,41.6
mandelbrot,gemm,fp16,6,208.2973,158205,648007680,300.0006,ipu,301,41.6
mandelbrot,gemm,fp16,7,206.0277,158236,648134656,300.0009,ipu,300,41.6
mandelbrot,gemm,fp16,8,212.6763,158379,648720384,300.0015,ipu,300,41.6
mandelbrot,gemm,fp16,9,209.0683,158177,647892992,300.0013,ipu,300,41.6
