unix_time,elapsed_s,gpu_index,power_w,util_pct,temp_c,clock_mhz,phase
1787966773.7411,0.0002,0,50.272,0,55,210,
1787966773.7411,0.0002,1,43.125,0,36,210,
1787966778.1975,0.0001,0,261.125,0,59,1395,gemmfp32_cricket_run12
1787966778.1975,0.0001,1,43.108,0,36,210,gemmfp32_cricket_run12
1787966779.1976,1.0002,0,271.643,98,61,1320,gemmfp32_cricket_run12
1787966779.1976,1.0002,1,43.193,0,36,210,gemmfp32_cricket_run12
1787966780.1976,2.0002,0,298.117,98,63,1365,gemmfp32_cricket_run12
1787966780.1976,2.0002,1,42.904,0,36,210,gemmfp32_cricket_run12
1787966781.1976,3.0002,0,297.134,98,63,1365,gemmfp32_cricket_run12
1787966781.1976,3.0002,1,43.2,0,36,210,gemmfp32_cricket_run12
1787966782.1976,4.0002,0,292.623,98,64,1350,gemmfp32_cricket_run12
1787966782.1976,4.0002,1,43.098,0,36,210,gemmfp32_cricket_run12
1787966783.1976,5.0002,0,298.277,98,64,1365,gemmfp32_cricket_run12
1787966783.1976,5.0002,1,43.193,0,36,210,gemmfp32_cricket_run12
1787966784.1976,6.0002,0,297.811,98,65,1350,gemmfp32_cricket_run12
1787966784.1976,6.0002,1,42.995,0,36,210,gemmfp32_cricket_run12
1787966785.1976,7.0002,0,296.296,98,65,1365,gemmfp32_cricket_run12
1787966785.1976,7.0002,1,43.086,0,36,210,gemmfp32_cricket_run12
1787966786.1976,8.0002,0,291.568,98,65,1365,gemmfp32_cricket_run12
1787966786.1976,8.0002,1,42.876,0,36,210,gemmfp32_cricket_run12
1787966787.1976,9.0002,0,292.21,98,66,1365,gemmfp32_cricket_run12
1787966787.1976,9.0002,1,43.077,0,36,210,gemmfp32_cricket_run12
1787966788.1976,10.0002,0,298.463,98,66,1365,gemmfp32_cricket_run12
1787966788.1976,10.0002,1,43.163,0,36,210,gemmfp32_cricket_run12
1787966789.1976,11.0002,0,294.393,98,66,1365,gemmfp32_cricket_run12
1787966789.1976,11.0002,1,43.155,0,36,210,gemmfp32_cricket_run12
1787966790.1976,12.0002,0,299.111,98,67,1365,gemmfp32_cricket_run12
1787966790.1976,12.0002,1,42.953,0,36,210,gemmfp32_cricket_run12
1787966791.1976,13.0002,0,309.608,98,67,1365,gemmfp32_cricket_run12
1787966791.1976,13.0002,1,43.142,0,36,210,gemmfp32_cricket_run12
1787966792.1976,14.0002,0,306.666,98,67,1365,gemmfp32_cricket_run12
1787966792.1976,14.0002,1,43.048,0,36,210,gemmfp32_cricket_run12
1787966793.1976,15.0002,0,303.448,98,68,1365,gemmfp32_cricket_run12
1787966793.1976,15.0002,1,43.041,0,36,210,gemmfp32_cricket_run12
1787966794.1976,16.0002,0,300.611,98,68,1350,gemmfp32_cricket_run12
1787966794.1976,16.0002,1,43.049,0,36,210,gemmfp32_cricket_run12
1787966795.1976,17.0002,0,294.19,98,68,1365,gemmfp32_cricket_run12
1787966795.1976,17.0002,1,42.946,0,36,210,gemmfp32_cricket_run12
1787966796.1976,18.0002,0,291.172,98,68,1350,gemmfp32_cricket_run12
1787966796.1976,18.0002,1,42.934,0,36,210,gemmfp32_cricket_run12
1787966797.1976,19.0002,0,295.236,98,68,1350,gemmfp32_cricket_run12
1787966797.1976,19.0002,1,43.041,0,36,210,gemmfp32_cricket_run12
1787966798.1976,20.0002,0,297.505,98,69,1350,gemmfp32_cricket_run12
1787966798.1976,20.0002,1,43.041,0,36,210,gemmfp32_cricket_run12
1787966799.1976,21.0002,0,295.908,98,69,1350,gemmfp32_cricket_run12
1787966799.1976,21.0002,1,43.028,0,36,210,gemmfp32_cricket_run12
1787966800.1976,22.0002,0,296.455,98,69,1350,gemmfp32_cricket_run12
1787966800.1976,22.0002,1,43.041,0,36,210,gemmfp32_cricket_run12
1787966801.1976,23.0002,0,298.351,98,69,1350,gemmfp32_cricket_run12
1787966801.1976,23.0002,1,43.048,0,36,210,gemmfp32_cricket_run12
1787966802.1976,24.0002,0,297.49,98,69,1350,gemmfp32_cricket_run12
1787966802.1976,24.0002,1,43.127,0,36,210,gemmfp32_cricket_run12
1787966803.1976,25.0002,0,296.463,98,69,1350,gemmfp32_cricket_run12
1787966803.1976,25.0002,1,43.136,0,36,210,gemmfp32_cricket_run12
1787966804.1976,26.0002,0,297.124,98,70,1350,gemmfp32_cricket_run12
1787966804.1976,26.0002,1,42.92,0,36,210,gemmfp32_cricket_run12
1787966805.1976,27.0002,0,299.648,98,70,1350,gemmfp32_cricket_run12
1787966805.1976,27.0002,1,43.135,0,36,210,gemmfp32_cricket_run12
1787966806.1976,28.0002,0,297.401,98,70,1350,gemmfp32_cricket_run12
1787966806.1976,28.0002,1,43.114,0,36,210,gemmfp32_cricket_run12
1787966807.1976,29.0002,0,299.007,98,70,1350,gemmfp32_cricket_run12
1787966807.1976,29.0002,1,43.032,0,36,210,gemmfp32_cricket_run12
1787966808.1976,30.0002,0,298.158,98,70,1350,gemmfp32_cricket_run12
1787966808.1976,30.0002,1,42.924,0,36,210,gemmfp32_cricket_run12
1787966809.1976,31.0002,0,297.565,98,70,1350,gemmfp32_cricket_run12
1787966809.1976,31.0002,1,43.127,0,36,210,gemmfp32_cricket_run12
1787966810.1976,32.0002,0,298.911,98,70,1350,gemmfp32_cricket_run12
1787966810.1976,32.0002,1,43.019,0,36,210,gemmfp32_cricket_run12
1787966811.1976,33.0002,0,297.604,98,71,1350,gemmfp32_cricket_run12
1787966811.1976,33.0002,1,43.019,0,36,210,gemmfp32_cricket_run12
1787966812.1976,34.0002,0,297.962,98,71,1350,gemmfp32_cricket_run12
1787966812.1976,34.0002,1,42.925,0,36,210,gemmfp32_cricket_run12
1787966813.1976,35.0002,0,300.312,98,71,1350,gemmfp32_cricket_run12
1787966813.1976,35.0002,1,43.019,0,36,210,gemmfp32_cricket_run12
1787966814.1976,36.0002,0,299.574,98,71,1350,gemmfp32_cricket_run12
1787966814.1976,36.0002,1,43.019,0,36,210,gemmfp32_cricket_run12
1787966815.1976,37.0002,0,299.945,98,71,1350,gemmfp32_cricket_run12
1787966815.1976,37.0002,1,43.107,0,36,210,gemmfp32_cricket_run12
1787966816.1976,38.0002,0,298.526,98,71,1350,gemmfp32_cricket_run12
1787966816.1976,38.0002,1,43.02,0,36,210,gemmfp32_cricket_run12
1787966817.1976,39.0002,0,300.05,98,71,1350,gemmfp32_cricket_run12
1787966817.1976,39.0002,1,43.02,0,36,210,gemmfp32_cricket_run12
1787966818.1976,40.0002,0,298.992,98,71,1350,gemmfp32_cricket_run12
1787966818.1976,40.0002,1,42.917,0,36,210,gemmfp32_cricket_run12
1787966819.1976,41.0002,0,299.466,98,71,1350,gemmfp32_cricket_run12
1787966819.1976,41.0002,1,42.906,0,36,210,gemmfp32_cricket_run12
1787966820.1976,42.0002,0,298.034,99,71,1350,gemmfp32_cricket_run12
1787966820.1976,42.0002,1,43.107,0,36,210,gemmfp32_cricket_run12
1787966821.1976,43.0002,0,298.526,98,72,1350,gemmfp32_cricket_run12
1787966821.1976,43.0002,1,42.906,0,36,210,gemmfp32_cricket_run12
1787966822.1976,44.0002,0,302.488,98,72,1350,gemmfp32_cricket_run12
1787966822.1976,44.0002,1,42.918,0,36,210,gemmfp32_cricket_run12
1787966823.1976,45.0002,0,302.202,98,72,1350,gemmfp32_cricket_run12
1787966823.1976,45.0002,1,43.107,0,36,210,gemmfp32_cricket_run12
1787966824.1976,46.0002,0,301.552,98,72,1350,gemmfp32_cricket_run12
1787966824.1976,46.0002,1,43.012,0,36,210,gemmfp32_cricket_run12
1787966825.1976,47.0002,0,296.002,98,72,1350,gemmfp32_cricket_run12
1787966825.1976,47.0002,1,43.012,0,36,210,gemmfp32_cricket_run12
1787966826.1976,48.0002,0,298.821,98,72,1350,gemmfp32_cricket_run12
1787966826.1976,48.0002,1,43.209,0,36,210,gemmfp32_cricket_run12
1787966827.1976,49.0002,0,290.202,98,72,1335,gemmfp32_cricket_run12
1787966827.1976,49.0002,1,42.818,0,36,210,gemmfp32_cricket_run12
1787966828.1976,50.0002,0,287.463,98,72,1335,gemmfp32_cricket_run12
1787966828.1976,50.0002,1,43.032,0,36,210,gemmfp32_cricket_run12
1787966829.1976,51.0002,0,303.151,98,72,1350,gemmfp32_cricket_run12
1787966829.1976,51.0002,1,43.114,0,36,210,gemmfp32_cricket_run12
1787966830.1976,52.0002,0,302.485,98,72,1350,gemmfp32_cricket_run12
1787966830.1976,52.0002,1,42.909,0,36,210,gemmfp32_cricket_run12
1787966831.1976,53.0002,0,302.285,98,72,1350,gemmfp32_cricket_run12
1787966831.1976,53.0002,1,42.912,0,36,210,gemmfp32_cricket_run12
1787966832.1976,54.0002,0,301.718,98,72,1350,gemmfp32_cricket_run12
1787966832.1976,54.0002,1,43.003,0,36,210,gemmfp32_cricket_run12
1787966833.1976,55.0002,0,300.88,98,72,1350,gemmfp32_cricket_run12
1787966833.1976,55.0002,1,42.909,0,36,210,gemmfp32_cricket_run12
1787966834.1976,56.0002,0,302.581,98,72,1350,gemmfp32_cricket_run12
1787966834.1976,56.0002,1,42.803,0,36,210,gemmfp32_cricket_run12
1787966835.1976,57.0002,0,301.708,98,72,1350,gemmfp32_cricket_run12
1787966835.1976,57.0002,1,42.79,0,36,210,gemmfp32_cricket_run12
1787966836.1976,58.0002,0,301.539,98,72,1350,gemmfp32_cricket_run12
1787966836.1976,58.0002,1,43.003,0,36,210,gemmfp32_cricket_run12
1787966837.1976,59.0002,0,303.322,98,72,1350,gemmfp32_cricket_run12
1787966837.1976,59.0002,1,42.897,0,36,210,gemmfp32_cricket_run12
1787966838.1976,60.0002,0,302.301,98,72,1350,gemmfp32_cricket_run12
1787966838.1976,60.0002,1,42.988,0,36,210,gemmfp32_cricket_run12
1787966839.1976,61.0002,0,301.149,98,72,1350,gemmfp32_cricket_run12
1787966839.1976,61.0002,1,43.004,0,36,210,gemmfp32_cricket_run12
1787966840.1976,62.0002,0,300.96,98,72,1350,gemmfp32_cricket_run12
1787966840.1976,62.0002,1,43.099,0,36,210,gemmfp32_cricket_run12
1787966841.1976,63.0002,0,299.741,98,72,1350,gemmfp32_cricket_run12
1787966841.1976,63.0002,1,42.789,0,36,210,gemmfp32_cricket_run12
1787966842.1976,64.0002,0,302.661,98,72,1350,gemmfp32_cricket_run12
1787966842.1976,64.0002,1,43.004,0,36,210,gemmfp32_cricket_run12
1787966843.1976,65.0002,0,300.317,98,72,1350,gemmfp32_cricket_run12
1787966843.1976,65.0002,1,42.893,0,36,210,gemmfp32_cricket_run12
1787966844.1976,66.0002,0,300.603,98,73,1350,gemmfp32_cricket_run12
1787966844.1976,66.0002,1,42.896,0,36,210,gemmfp32_cricket_run12
1787966845.1976,67.0002,0,303.88,98,73,1350,gemmfp32_cricket_run12
1787966845.1976,67.0002,1,43.193,0,36,210,gemmfp32_cricket_run12
1787966846.1976,68.0002,0,301.328,98,73,1350,gemmfp32_cricket_run12
1787966846.1976,68.0002,1,43.189,0,36,210,gemmfp32_cricket_run12
1787966847.1976,69.0002,0,299.834,99,73,1350,gemmfp32_cricket_run12
1787966847.1976,69.0002,1,43.0,0,36,210,gemmfp32_cricket_run12
1787966848.1976,70.0002,0,300.017,98,73,1335,gemmfp32_cricket_run12
1787966848.1976,70.0002,1,42.904,0,36,210,gemmfp32_cricket_run12
1787966849.1976,71.0002,0,302.946,98,73,1335,gemmfp32_cricket_run12
1787966849.1976,71.0002,1,43.012,0,36,210,gemmfp32_cricket_run12
1787966850.1976,72.0002,0,302.374,98,73,1350,gemmfp32_cricket_run12
1787966850.1976,72.0002,1,43.202,0,36,210,gemmfp32_cricket_run12
1787966851.1976,73.0002,0,300.219,98,73,1350,gemmfp32_cricket_run12
1787966851.1976,73.0002,1,42.79,0,36,210,gemmfp32_cricket_run12
1787966852.1976,74.0002,0,297.188,98,72,1335,gemmfp32_cricket_run12
1787966852.1976,74.0002,1,43.011,0,36,210,gemmfp32_cricket_run12
1787966853.1976,75.0002,0,291.43,98,72,1335,gemmfp32_cricket_run12
1787966853.1976,75.0002,1,43.202,0,36,210,gemmfp32_cricket_run12
1787966854.1976,76.0002,0,288.42,98,72,1335,gemmfp32_cricket_run12
1787966854.1976,76.0002,1,43.202,0,36,210,gemmfp32_cricket_run12
1787966855.1976,77.0002,0,291.049,98,72,1335,gemmfp32_cricket_run12
1787966855.1976,77.0002,1,43.007,0,36,210,gemmfp32_cricket_run12
1787966856.1976,78.0002,0,288.398,98,72,1335,gemmfp32_cricket_run12
1787966856.1976,78.0002,1,43.004,0,36,210,gemmfp32_cricket_run12
1787966857.1976,79.0002,0,291.528,98,72,1335,gemmfp32_cricket_run12
1787966857.1976,79.0002,1,43.107,0,36,210,gemmfp32_cricket_run12
1787966858.1976,80.0002,0,289.067,98,73,1335,gemmfp32_cricket_run12
1787966858.1976,80.0002,1,43.202,0,36,210,gemmfp32_cricket_run12
1787966859.1976,81.0002,0,301.909,98,73,1350,gemmfp32_cricket_run12
1787966859.1976,81.0002,1,42.988,0,36,210,gemmfp32_cricket_run12
1787966860.1976,82.0002,0,302.758,98,73,1350,gemmfp32_cricket_run12
1787966860.1976,82.0002,1,42.896,0,36,210,gemmfp32_cricket_run12
1787966861.1976,83.0002,0,301.437,98,73,1350,gemmfp32_cricket_run12
1787966861.1976,83.0002,1,43.004,0,36,210,gemmfp32_cricket_run12
1787966862.1976,84.0002,0,305.498,98,73,1350,gemmfp32_cricket_run12
1787966862.1976,84.0002,1,43.091,0,36,210,gemmfp32_cricket_run12
1787966863.1976,85.0002,0,298.427,98,73,1350,gemmfp32_cricket_run12
1787966863.1976,85.0002,1,42.999,0,36,210,gemmfp32_cricket_run12
1787966864.1976,86.0002,0,302.383,98,73,1350,gemmfp32_cricket_run12
1787966864.1976,86.0002,1,42.99,0,36,210,gemmfp32_cricket_run12
1787966865.1976,87.0002,0,300.409,98,73,1350,gemmfp32_cricket_run12
1787966865.1976,87.0002,1,43.004,0,36,210,gemmfp32_cricket_run12
1787966866.1976,88.0002,0,303.794,98,73,1350,gemmfp32_cricket_run12
1787966866.1976,88.0002,1,43.107,0,36,210,gemmfp32_cricket_run12
1787966867.1976,89.0002,0,302.488,98,73,1350,gemmfp32_cricket_run12
1787966867.1976,89.0002,1,43.188,0,36,210,gemmfp32_cricket_run12
1787966868.1976,90.0002,0,301.922,98,73,1350,gemmfp32_cricket_run12
1787966868.1976,90.0002,1,43.098,0,36,210,gemmfp32_cricket_run12
1787966869.1976,91.0002,0,302.649,98,73,1350,gemmfp32_cricket_run12
1787966869.1976,91.0002,1,43.092,0,36,210,gemmfp32_cricket_run12
1787966870.1976,92.0002,0,302.277,98,73,1350,gemmfp32_cricket_run12
1787966870.1976,92.0002,1,43.296,0,36,210,gemmfp32_cricket_run12
1787966871.1976,93.0002,0,303.78,98,73,1350,gemmfp32_cricket_run12
1787966871.1976,93.0002,1,42.893,0,36,210,gemmfp32_cricket_run12
1787966872.1976,94.0002,0,303.237,98,73,1350,gemmfp32_cricket_run12
1787966872.1976,94.0002,1,42.893,0,36,210,gemmfp32_cricket_run12
1787966873.1976,95.0002,0,304.204,98,73,1350,gemmfp32_cricket_run12
1787966873.1976,95.0002,1,42.905,0,36,210,gemmfp32_cricket_run12
1787966874.1976,96.0002,0,293.416,98,73,1335,gemmfp32_cricket_run12
1787966874.1976,96.0002,1,43.099,0,36,210,gemmfp32_cricket_run12
1787966875.1976,97.0002,0,284.344,98,73,1335,gemmfp32_cricket_run12
1787966875.1976,97.0002,1,43.107,0,36,210,gemmfp32_cricket_run12
1787966876.1976,98.0002,0,290.856,98,73,1335,gemmfp32_cricket_run12
1787966876.1976,98.0002,1,43.107,0,36,210,gemmfp32_cricket_run12
1787966877.1976,99.0002,0,299.835,98,73,1350,gemmfp32_cricket_run12
1787966877.1976,99.0002,1,43.0,0,36,210,gemmfp32_cricket_run12
1787966878.1976,100.0002,0,303.033,98,73,1350,gemmfp32_cricket_run12
1787966878.1976,100.0002,1,43.087,0,36,210,gemmfp32_cricket_run12
1787966879.1976,101.0002,0,303.406,98,73,1350,gemmfp32_cricket_run12
1787966879.1976,101.0002,1,43.086,0,36,210,gemmfp32_cricket_run12
1787966880.1976,102.0002,0,303.8,98,73,1350,gemmfp32_cricket_run12
1787966880.1976,102.0002,1,43.186,0,36,210,gemmfp32_cricket_run12
1787966881.1976,103.0002,0,304.267,98,73,1350,gemmfp32_cricket_run12
1787966881.1976,103.0002,1,42.984,0,36,210,gemmfp32_cricket_run12
1787966882.1976,104.0002,0,301.343,98,73,1350,gemmfp32_cricket_run12
1787966882.1976,104.0002,1,43.086,0,36,210,gemmfp32_cricket_run12
1787966883.1976,105.0002,0,303.502,98,73,1335,gemmfp32_cricket_run12
1787966883.1976,105.0002,1,43.382,0,36,210,gemmfp32_cricket_run12
1787966884.1976,106.0002,0,292.096,98,73,1335,gemmfp32_cricket_run12
1787966884.1976,106.0002,1,43.188,0,36,210,gemmfp32_cricket_run12
1787966885.1976,107.0002,0,292.288,98,73,1350,gemmfp32_cricket_run12
1787966885.1976,107.0002,1,43.189,0,36,210,gemmfp32_cricket_run12
1787966886.1976,108.0002,0,290.753,98,73,1350,gemmfp32_cricket_run12
1787966886.1976,108.0002,1,43.287,0,36,210,gemmfp32_cricket_run12
1787966887.1976,109.0002,0,300.404,98,73,1350,gemmfp32_cricket_run12
1787966887.1976,109.0002,1,43.18,0,36,210,gemmfp32_cricket_run12
1787966888.1976,110.0002,0,298.792,98,73,1350,gemmfp32_cricket_run12
1787966888.1976,110.0002,1,43.088,0,36,210,gemmfp32_cricket_run12
1787966889.1976,111.0002,0,292.275,98,73,1350,gemmfp32_cricket_run12
1787966889.1976,111.0002,1,43.179,0,36,210,gemmfp32_cricket_run12
1787966890.1976,112.0002,0,303.245,98,73,1350,gemmfp32_cricket_run12
1787966890.1976,112.0002,1,43.179,0,36,210,gemmfp32_cricket_run12
1787966891.1976,113.0002,0,305.594,98,73,1350,gemmfp32_cricket_run12
1787966891.1976,113.0002,1,42.993,0,36,210,gemmfp32_cricket_run12
1787966892.1976,114.0002,0,304.173,98,73,1350,gemmfp32_cricket_run12
1787966892.1976,114.0002,1,42.991,0,36,210,gemmfp32_cricket_run12
1787966893.1976,115.0002,0,302.106,98,73,1350,gemmfp32_cricket_run12
1787966893.1976,115.0002,1,43.079,0,36,210,gemmfp32_cricket_run12
1787966894.1976,116.0002,0,304.084,98,73,1350,gemmfp32_cricket_run12
1787966894.1976,116.0002,1,42.884,0,36,210,gemmfp32_cricket_run12
1787966895.1976,117.0002,0,303.806,98,73,1350,gemmfp32_cricket_run12
1787966895.1976,117.0002,1,42.991,0,36,210,gemmfp32_cricket_run12
1787966896.1976,118.0002,0,301.898,98,73,1350,gemmfp32_cricket_run12
1787966896.1976,118.0002,1,43.085,0,36,210,gemmfp32_cricket_run12
1787966897.1976,119.0002,0,303.499,98,73,1350,gemmfp32_cricket_run12
1787966897.1976,119.0002,1,43.268,0,36,210,gemmfp32_cricket_run12
1787966898.1976,120.0002,0,301.545,99,73,1350,gemmfp32_cricket_run12
1787966898.1976,120.0002,1,43.193,0,36,210,gemmfp32_cricket_run12
1787966899.1976,121.0002,0,304.081,98,73,1350,gemmfp32_cricket_run12
1787966899.1976,121.0002,1,42.991,0,36,210,gemmfp32_cricket_run12
1787966900.1976,122.0002,0,300.02,98,73,1350,gemmfp32_cricket_run12
1787966900.1976,122.0002,1,43.091,0,36,210,gemmfp32_cricket_run12
1787966901.1976,123.0002,0,304.443,98,73,1335,gemmfp32_cricket_run12
1787966901.1976,123.0002,1,43.078,0,36,210,gemmfp32_cricket_run12
1787966902.1976,124.0002,0,302.118,98,73,1350,gemmfp32_cricket_run12
1787966902.1976,124.0002,1,43.085,0,36,210,gemmfp32_cricket_run12
1787966903.1976,125.0002,0,305.115,98,73,1350,gemmfp32_cricket_run12
1787966903.1976,125.0002,1,42.896,0,36,210,gemmfp32_cricket_run12
1787966904.1976,126.0002,0,302.749,98,73,1350,gemmfp32_cricket_run12
1787966904.1976,126.0002,1,42.991,0,36,210,gemmfp32_cricket_run12
1787966905.1976,127.0002,0,303.044,98,73,1350,gemmfp32_cricket_run12
1787966905.1976,127.0002,1,43.078,0,36,210,gemmfp32_cricket_run12
1787966906.1976,128.0002,0,291.706,98,73,1350,gemmfp32_cricket_run12
1787966906.1976,128.0002,1,42.987,0,36,210,gemmfp32_cricket_run12
1787966907.1976,129.0002,0,293.694,98,73,1335,gemmfp32_cricket_run12
1787966907.1976,129.0002,1,43.099,0,36,210,gemmfp32_cricket_run12
1787966908.1976,130.0002,0,298.811,98,73,1350,gemmfp32_cricket_run12
1787966908.1976,130.0002,1,42.904,0,36,210,gemmfp32_cricket_run12
1787966909.1976,131.0002,0,290.481,98,73,1350,gemmfp32_cricket_run12
1787966909.1976,131.0002,1,43.37,0,36,210,gemmfp32_cricket_run12
1787966910.1976,132.0002,0,301.797,98,73,1350,gemmfp32_cricket_run12
1787966910.1976,132.0002,1,43.173,0,36,210,gemmfp32_cricket_run12
1787966911.1976,133.0002,0,303.508,98,73,1350,gemmfp32_cricket_run12
1787966911.1976,133.0002,1,43.086,0,36,210,gemmfp32_cricket_run12
1787966912.1976,134.0002,0,305.304,98,73,1350,gemmfp32_cricket_run12
1787966912.1976,134.0002,1,43.173,0,36,210,gemmfp32_cricket_run12
1787966913.1976,135.0002,0,302.847,98,73,1350,gemmfp32_cricket_run12
1787966913.1976,135.0002,1,42.984,0,36,210,gemmfp32_cricket_run12
1787966914.1976,136.0002,0,302.288,98,73,1335,gemmfp32_cricket_run12
1787966914.1976,136.0002,1,42.984,0,36,210,gemmfp32_cricket_run12
1787966915.1976,137.0002,0,304.745,98,73,1350,gemmfp32_cricket_run12
1787966915.1976,137.0002,1,42.802,0,36,210,gemmfp32_cricket_run12
1787966916.1976,138.0002,0,287.75,98,73,1335,gemmfp32_cricket_run12
1787966916.1976,138.0002,1,42.991,0,36,210,gemmfp32_cricket_run12
1787966917.1976,139.0002,0,289.806,98,73,1335,gemmfp32_cricket_run12
1787966917.1976,139.0002,1,43.362,0,36,210,gemmfp32_cricket_run12
1787966918.1976,140.0002,0,291.991,98,73,1335,gemmfp32_cricket_run12
1787966918.1976,140.0002,1,43.18,0,36,210,gemmfp32_cricket_run12
1787966919.1976,141.0002,0,289.26,98,73,1335,gemmfp32_cricket_run12
1787966919.1976,141.0002,1,43.37,0,36,210,gemmfp32_cricket_run12
1787966920.1976,142.0002,0,292.651,98,73,1335,gemmfp32_cricket_run12
1787966920.1976,142.0002,1,43.173,0,36,210,gemmfp32_cricket_run12
1787966921.1976,143.0002,0,296.056,98,73,1335,gemmfp32_cricket_run12
1787966921.1976,143.0002,1,43.098,0,36,210,gemmfp32_cricket_run12
1787966922.1976,144.0002,0,290.866,98,73,1335,gemmfp32_cricket_run12
1787966922.1976,144.0002,1,43.085,0,36,210,gemmfp32_cricket_run12
1787966923.1976,145.0002,0,289.813,98,73,1335,gemmfp32_cricket_run12
1787966923.1976,145.0002,1,43.085,0,36,210,gemmfp32_cricket_run12
1787966924.1976,146.0002,0,290.946,98,73,1335,gemmfp32_cricket_run12
1787966924.1976,146.0002,1,43.086,0,36,210,gemmfp32_cricket_run12
1787966925.1976,147.0002,0,289.638,98,73,1335,gemmfp32_cricket_run12
1787966925.1976,147.0002,1,43.275,0,36,210,gemmfp32_cricket_run12
1787966926.1976,148.0002,0,301.904,98,73,1350,gemmfp32_cricket_run12
1787966926.1976,148.0002,1,43.085,0,36,210,gemmfp32_cricket_run12
1787966927.1976,149.0002,0,292.385,98,73,1335,gemmfp32_cricket_run12
1787966927.1976,149.0002,1,43.085,0,36,210,gemmfp32_cricket_run12
1787966928.1976,150.0002,0,303.693,98,73,1350,gemmfp32_cricket_run12
1787966928.1976,150.0002,1,43.186,0,36,210,gemmfp32_cricket_run12
1787966929.1976,151.0002,0,292.85,98,73,1350,gemmfp32_cricket_run12
1787966929.1976,151.0002,1,43.275,0,36,210,gemmfp32_cricket_run12
1787966930.1976,152.0002,0,291.144,98,73,1350,gemmfp32_cricket_run12
1787966930.1976,152.0002,1,43.274,0,36,210,gemmfp32_cricket_run12
1787966931.1976,153.0002,0,289.519,98,73,1335,gemmfp32_cricket_run12
1787966931.1976,153.0002,1,43.202,0,36,210,gemmfp32_cricket_run12
1787966932.1976,154.0002,0,292.846,98,73,1335,gemmfp32_cricket_run12
1787966932.1976,154.0002,1,43.085,0,36,210,gemmfp32_cricket_run12
1787966933.1976,155.0002,0,289.634,98,73,1335,gemmfp32_cricket_run12
1787966933.1976,155.0002,1,43.186,0,36,210,gemmfp32_cricket_run12
1787966934.1976,156.0002,0,297.562,98,73,1335,gemmfp32_cricket_run12
1787966934.1976,156.0002,1,43.182,0,36,210,gemmfp32_cricket_run12
1787966935.1976,157.0002,0,298.786,98,73,1335,gemmfp32_cricket_run12
1787966935.1976,157.0002,1,43.189,0,36,210,gemmfp32_cricket_run12
1787966936.1976,158.0002,0,293.513,98,73,1350,gemmfp32_cricket_run12
1787966936.1976,158.0002,1,43.18,0,36,210,gemmfp32_cricket_run12
1787966937.1976,159.0002,0,290.47,98,73,1350,gemmfp32_cricket_run12
1787966937.1976,159.0002,1,43.086,0,36,210,gemmfp32_cricket_run12
1787966938.1976,160.0002,0,292.478,98,73,1350,gemmfp32_cricket_run12
1787966938.1976,160.0002,1,43.188,0,36,210,gemmfp32_cricket_run12
1787966939.1976,161.0002,0,301.822,98,73,1350,gemmfp32_cricket_run12
1787966939.1976,161.0002,1,43.095,0,36,210,gemmfp32_cricket_run12
1787966940.1976,162.0002,0,302.654,99,73,1350,gemmfp32_cricket_run12
1787966940.1976,162.0002,1,43.085,0,36,210,gemmfp32_cricket_run12
1787966941.1976,163.0002,0,298.786,98,73,1350,gemmfp32_cricket_run12
1787966941.1976,163.0002,1,43.099,0,36,210,gemmfp32_cricket_run12
1787966942.1976,164.0002,0,298.795,98,73,1350,gemmfp32_cricket_run12
1787966942.1976,164.0002,1,43.099,0,36,210,gemmfp32_cricket_run12
1787966943.1976,165.0002,0,302.267,98,73,1350,gemmfp32_cricket_run12
1787966943.1976,165.0002,1,42.991,0,36,210,gemmfp32_cricket_run12
1787966944.1976,166.0002,0,302.188,98,73,1350,gemmfp32_cricket_run12
1787966944.1976,166.0002,1,42.991,0,36,210,gemmfp32_cricket_run12
1787966945.1976,167.0002,0,304.817,98,73,1350,gemmfp32_cricket_run12
1787966945.1976,167.0002,1,43.078,0,36,210,gemmfp32_cricket_run12
1787966946.1976,168.0002,0,303.706,98,73,1350,gemmfp32_cricket_run12
1787966946.1976,168.0002,1,43.18,0,36,210,gemmfp32_cricket_run12
1787966947.1976,169.0002,0,304.159,98,73,1350,gemmfp32_cricket_run12
1787966947.1976,169.0002,1,43.085,0,36,210,gemmfp32_cricket_run12
1787966948.1976,170.0002,0,301.827,98,73,1350,gemmfp32_cricket_run12
1787966948.1976,170.0002,1,42.991,0,36,210,gemmfp32_cricket_run12
1787966949.1976,171.0002,0,300.59,98,73,1350,gemmfp32_cricket_run12
1787966949.1976,171.0002,1,43.173,0,36,210,gemmfp32_cricket_run12
1787966950.1976,172.0002,0,301.446,98,73,1350,gemmfp32_cricket_run12
1787966950.1976,172.0002,1,43.275,0,36,210,gemmfp32_cricket_run12
1787966951.1976,173.0002,0,304.267,98,73,1350,gemmfp32_cricket_run12
1787966951.1976,173.0002,1,43.173,0,36,210,gemmfp32_cricket_run12
1787966952.1976,174.0002,0,303.136,98,73,1335,gemmfp32_cricket_run12
1787966952.1976,174.0002,1,43.18,0,36,210,gemmfp32_cricket_run12
1787966953.1976,175.0002,0,302.848,98,73,1335,gemmfp32_cricket_run12
1787966953.1976,175.0002,1,42.991,0,36,210,gemmfp32_cricket_run12
1787966954.1976,176.0002,0,303.987,98,73,1335,gemmfp32_cricket_run12
1787966954.1976,176.0002,1,43.173,0,36,210,gemmfp32_cricket_run12
1787966955.1976,177.0002,0,292.368,98,73,1335,gemmfp32_cricket_run12
1787966955.1976,177.0002,1,43.189,0,36,210,gemmfp32_cricket_run12
1787966956.1976,178.0002,0,286.422,98,73,1335,gemmfp32_cricket_run12
1787966956.1976,178.0002,1,43.099,0,36,210,gemmfp32_cricket_run12
1787966957.1976,179.0002,0,290.013,98,73,1335,gemmfp32_cricket_run12
1787966957.1976,179.0002,1,43.098,0,36,210,gemmfp32_cricket_run12
1787966958.1976,180.0002,0,298.706,98,73,1335,gemmfp32_cricket_run12
1787966958.1976,180.0002,1,43.186,0,36,210,gemmfp32_cricket_run12
1787966959.1976,181.0002,0,292.019,98,73,1350,gemmfp32_cricket_run12
1787966959.1976,181.0002,1,43.18,0,36,210,gemmfp32_cricket_run12
1787966960.1976,182.0002,0,302.754,98,73,1350,gemmfp32_cricket_run12
1787966960.1976,182.0002,1,42.991,0,36,210,gemmfp32_cricket_run12
1787966961.1976,183.0002,0,291.818,98,73,1350,gemmfp32_cricket_run12
1787966961.1976,183.0002,1,43.181,0,36,210,gemmfp32_cricket_run12
1787966962.1976,184.0002,0,292.841,98,73,1350,gemmfp32_cricket_run12
1787966962.1976,184.0002,1,43.098,0,36,210,gemmfp32_cricket_run12
1787966963.1976,185.0002,0,295.211,98,73,1350,gemmfp32_cricket_run12
1787966963.1976,185.0002,1,43.18,0,36,210,gemmfp32_cricket_run12
1787966964.1976,186.0002,0,292.467,98,73,1350,gemmfp32_cricket_run12
1787966964.1976,186.0002,1,43.181,0,36,210,gemmfp32_cricket_run12
1787966965.1976,187.0002,0,291.612,98,73,1350,gemmfp32_cricket_run12
1787966965.1976,187.0002,1,43.085,0,36,210,gemmfp32_cricket_run12
1787966966.1976,188.0002,0,296.434,98,73,1350,gemmfp32_cricket_run12
1787966966.1976,188.0002,1,43.078,0,36,210,gemmfp32_cricket_run12
1787966967.1976,189.0002,0,302.558,98,73,1350,gemmfp32_cricket_run12
1787966967.1976,189.0002,1,43.078,0,36,210,gemmfp32_cricket_run12
1787966968.1976,190.0002,0,305.314,98,73,1335,gemmfp32_cricket_run12
1787966968.1976,190.0002,1,42.991,0,36,210,gemmfp32_cricket_run12
1787966969.1976,191.0002,0,303.693,98,73,1335,gemmfp32_cricket_run12
1787966969.1976,191.0002,1,42.991,0,36,210,gemmfp32_cricket_run12
1787966970.1976,192.0002,0,291.233,98,73,1335,gemmfp32_cricket_run12
1787966970.1976,192.0002,1,43.189,0,36,210,gemmfp32_cricket_run12
1787966971.1976,193.0002,0,284.63,98,73,1335,gemmfp32_cricket_run12
1787966971.1976,193.0002,1,43.085,0,36,210,gemmfp32_cricket_run12
1787966972.1976,194.0002,0,292.566,98,73,1335,gemmfp32_cricket_run12
1787966972.1976,194.0002,1,43.085,0,36,210,gemmfp32_cricket_run12
1787966973.1976,195.0002,0,291.797,98,73,1335,gemmfp32_cricket_run12
1787966973.1976,195.0002,1,43.275,0,36,210,gemmfp32_cricket_run12
1787966974.1976,196.0002,0,286.051,98,73,1335,gemmfp32_cricket_run12
1787966974.1976,196.0002,1,43.079,0,36,210,gemmfp32_cricket_run12
1787966975.1976,197.0002,0,285.842,98,73,1335,gemmfp32_cricket_run12
1787966975.1976,197.0002,1,43.085,0,36,210,gemmfp32_cricket_run12
1787966976.1976,198.0002,0,290.67,98,73,1335,gemmfp32_cricket_run12
1787966976.1976,198.0002,1,42.897,0,36,210,gemmfp32_cricket_run12
1787966977.1976,199.0002,0,304.258,98,73,1350,gemmfp32_cricket_run12
1787966977.1976,199.0002,1,43.172,0,36,210,gemmfp32_cricket_run12
1787966978.1976,200.0002,0,304.172,98,73,1350,gemmfp32_cricket_run12
1787966978.1976,200.0002,1,43.079,0,36,210,gemmfp32_cricket_run12
1787966979.1976,201.0002,0,302.565,98,73,1350,gemmfp32_cricket_run12
1787966979.1976,201.0002,1,43.085,0,36,210,gemmfp32_cricket_run12
1787966980.1976,202.0002,0,302.182,98,73,1335,gemmfp32_cricket_run12
1787966980.1976,202.0002,1,43.085,0,36,210,gemmfp32_cricket_run12
1787966981.1976,203.0002,0,289.723,98,73,1335,gemmfp32_cricket_run12
1787966981.1976,203.0002,1,43.193,0,36,210,gemmfp32_cricket_run12
1787966982.1976,204.0002,0,303.888,98,73,1350,gemmfp32_cricket_run12
1787966982.1976,204.0002,1,43.078,0,36,210,gemmfp32_cricket_run12
1787966983.1976,205.0002,0,302.076,98,73,1350,gemmfp32_cricket_run12
1787966983.1976,205.0002,1,43.092,0,36,210,gemmfp32_cricket_run12
1787966984.1976,206.0002,0,301.63,98,73,1350,gemmfp32_cricket_run12
1787966984.1976,206.0002,1,43.181,0,36,210,gemmfp32_cricket_run12
1787966985.1976,207.0002,0,304.443,98,73,1350,gemmfp32_cricket_run12
1787966985.1976,207.0002,1,42.897,0,36,210,gemmfp32_cricket_run12
1787966986.1976,208.0002,0,302.277,98,73,1350,gemmfp32_cricket_run12
1787966986.1976,208.0002,1,43.078,0,36,210,gemmfp32_cricket_run12
1787966987.1976,209.0002,0,304.537,98,73,1350,gemmfp32_cricket_run12
1787966987.1976,209.0002,1,43.173,0,36,210,gemmfp32_cricket_run12
1787966988.1976,210.0002,0,302.86,98,73,1350,gemmfp32_cricket_run12
1787966988.1976,210.0002,1,43.091,0,36,210,gemmfp32_cricket_run12
1787966989.1976,211.0002,0,304.73,98,73,1350,gemmfp32_cricket_run12
1787966989.1976,211.0002,1,42.991,0,36,210,gemmfp32_cricket_run12
1787966990.1976,212.0002,0,302.841,98,73,1350,gemmfp32_cricket_run12
1787966990.1976,212.0002,1,43.18,0,36,210,gemmfp32_cricket_run12
1787966991.1976,213.0002,0,302.655,98,73,1350,gemmfp32_cricket_run12
1787966991.1976,213.0002,1,43.078,0,36,210,gemmfp32_cricket_run12
1787966992.1976,214.0002,0,303.87,98,73,1350,gemmfp32_cricket_run12
1787966992.1976,214.0002,1,43.079,0,36,210,gemmfp32_cricket_run12
1787966993.1976,215.0002,0,291.039,98,73,1335,gemmfp32_cricket_run12
1787966993.1976,215.0002,1,43.181,0,36,210,gemmfp32_cricket_run12
1787966994.1976,216.0002,0,304.451,98,73,1350,gemmfp32_cricket_run12
1787966994.1976,216.0002,1,43.085,0,36,210,gemmfp32_cricket_run12
1787966995.1976,217.0002,0,302.106,98,73,1350,gemmfp32_cricket_run12
1787966995.1976,217.0002,1,42.991,0,36,210,gemmfp32_cricket_run12
1787966996.1976,218.0002,0,304.352,98,73,1350,gemmfp32_cricket_run12
1787966996.1976,218.0002,1,43.182,0,36,210,gemmfp32_cricket_run12
1787966997.1976,219.0002,0,302.748,98,73,1350,gemmfp32_cricket_run12
1787966997.1976,219.0002,1,43.085,0,36,210,gemmfp32_cricket_run12
1787966998.1976,220.0002,0,301.443,98,73,1350,gemmfp32_cricket_run12
1787966998.1976,220.0002,1,43.18,0,36,210,gemmfp32_cricket_run12
1787966999.1976,221.0002,0,303.886,98,73,1350,gemmfp32_cricket_run12
1787966999.1976,221.0002,1,43.086,0,36,210,gemmfp32_cricket_run12
1787967000.1976,222.0002,0,302.651,98,73,1335,gemmfp32_cricket_run12
1787967000.1976,222.0002,1,43.085,0,36,210,gemmfp32_cricket_run12
1787967001.1976,223.0002,0,286.702,98,73,1335,gemmfp32_cricket_run12
1787967001.1976,223.0002,1,43.287,0,36,210,gemmfp32_cricket_run12
1787967002.1976,224.0002,0,290.763,98,73,1335,gemmfp32_cricket_run12
1787967002.1976,224.0002,1,43.189,0,36,210,gemmfp32_cricket_run12
1787967003.1976,225.0002,0,296.716,98,73,1350,gemmfp32_cricket_run12
1787967003.1976,225.0002,1,43.085,0,36,210,gemmfp32_cricket_run12
1787967004.1976,226.0002,0,302.082,98,73,1350,gemmfp32_cricket_run12
1787967004.1976,226.0002,1,43.181,0,36,210,gemmfp32_cricket_run12
1787967005.1976,227.0002,0,303.686,98,73,1350,gemmfp32_cricket_run12
1787967005.1976,227.0002,1,42.991,0,36,210,gemmfp32_cricket_run12
1787967006.1976,228.0002,0,303.9,98,73,1350,gemmfp32_cricket_run12
1787967006.1976,228.0002,1,43.181,0,36,210,gemmfp32_cricket_run12
1787967007.1976,229.0002,0,287.84,98,73,1335,gemmfp32_cricket_run12
1787967007.1976,229.0002,1,43.098,0,36,210,gemmfp32_cricket_run12
1787967008.1976,230.0002,0,293.326,98,73,1350,gemmfp32_cricket_run12
1787967008.1976,230.0002,1,43.094,0,36,210,gemmfp32_cricket_run12
1787967009.1976,231.0002,0,301.731,98,73,1350,gemmfp32_cricket_run12
1787967009.1976,231.0002,1,43.078,0,36,210,gemmfp32_cricket_run12
1787967010.1976,232.0002,0,306.055,98,73,1350,gemmfp32_cricket_run12
1787967010.1976,232.0002,1,42.991,0,36,210,gemmfp32_cricket_run12
1787967011.1976,233.0002,0,291.695,98,73,1350,gemmfp32_cricket_run12
1787967011.1976,233.0002,1,43.078,0,36,210,gemmfp32_cricket_run12
1787967012.1976,234.0002,0,303.328,98,73,1350,gemmfp32_cricket_run12
1787967012.1976,234.0002,1,43.181,0,36,210,gemmfp32_cricket_run12
1787967013.1976,235.0002,0,302.857,98,73,1350,gemmfp32_cricket_run12
1787967013.1976,235.0002,1,43.174,0,36,210,gemmfp32_cricket_run12
1787967014.1976,236.0002,0,304.35,98,73,1350,gemmfp32_cricket_run12
1787967014.1976,236.0002,1,43.274,0,36,210,gemmfp32_cricket_run12
1787967015.1976,237.0002,0,303.135,98,73,1350,gemmfp32_cricket_run12
1787967015.1976,237.0002,1,43.085,0,36,210,gemmfp32_cricket_run12
1787967016.1976,238.0002,0,301.898,98,73,1350,gemmfp32_cricket_run12
1787967016.1976,238.0002,1,43.268,0,36,210,gemmfp32_cricket_run12
1787967017.1976,239.0002,0,302.383,98,73,1350,gemmfp32_cricket_run12
1787967017.1976,239.0002,1,43.091,0,36,210,gemmfp32_cricket_run12
1787967018.1976,240.0002,0,300.95,98,73,1350,gemmfp32_cricket_run12
1787967018.1976,240.0002,1,43.085,0,37,210,gemmfp32_cricket_run12
1787967019.1976,241.0002,0,304.08,98,73,1335,gemmfp32_cricket_run12
1787967019.1976,241.0002,1,43.268,0,36,210,gemmfp32_cricket_run12
1787967020.1976,242.0002,0,299.56,98,73,1350,gemmfp32_cricket_run12
1787967020.1976,242.0002,1,43.094,0,36,210,gemmfp32_cricket_run12
1787967021.1976,243.0002,0,304.919,98,73,1350,gemmfp32_cricket_run12
1787967021.1976,243.0002,1,43.179,0,36,210,gemmfp32_cricket_run12
1787967022.1976,244.0002,0,302.376,98,73,1350,gemmfp32_cricket_run12
1787967022.1976,244.0002,1,43.18,0,37,210,gemmfp32_cricket_run12
1787967023.1976,245.0002,0,293.588,98,73,1335,gemmfp32_cricket_run12
1787967023.1976,245.0002,1,43.193,0,36,210,gemmfp32_cricket_run12
1787967024.1976,246.0002,0,290.952,98,73,1335,gemmfp32_cricket_run12
1787967024.1976,246.0002,1,43.099,0,36,210,gemmfp32_cricket_run12
1787967025.1976,247.0002,0,301.637,98,73,1350,gemmfp32_cricket_run12
1787967025.1976,247.0002,1,43.004,0,37,210,gemmfp32_cricket_run12
1787967026.1976,248.0002,0,293.413,98,73,1335,gemmfp32_cricket_run12
1787967026.1976,248.0002,1,43.004,0,37,210,gemmfp32_cricket_run12
1787967027.1976,249.0002,0,301.514,98,73,1350,gemmfp32_cricket_run12
1787967027.1976,249.0002,1,43.189,0,37,210,gemmfp32_cricket_run12
1787967028.1976,250.0002,0,290.946,98,73,1350,gemmfp32_cricket_run12
1787967028.1976,250.0002,1,43.186,0,37,210,gemmfp32_cricket_run12
1787967029.1976,251.0002,0,301.637,98,73,1350,gemmfp32_cricket_run12
1787967029.1976,251.0002,1,43.182,0,37,210,gemmfp32_cricket_run12
1787967030.1976,252.0002,0,302.75,98,73,1335,gemmfp32_cricket_run12
1787967030.1976,252.0002,1,43.18,0,37,210,gemmfp32_cricket_run12
1787967031.1976,253.0002,0,304.352,98,73,1350,gemmfp32_cricket_run12
1787967031.1976,253.0002,1,42.991,0,37,210,gemmfp32_cricket_run12
1787967032.1976,254.0002,0,302.559,98,73,1350,gemmfp32_cricket_run12
1787967032.1976,254.0002,1,43.173,0,37,210,gemmfp32_cricket_run12
1787967033.1976,255.0002,0,303.207,98,73,1335,gemmfp32_cricket_run12
1787967033.1976,255.0002,1,42.991,0,37,210,gemmfp32_cricket_run12
1787967034.1976,256.0002,0,292.087,98,73,1335,gemmfp32_cricket_run12
1787967034.1976,256.0002,1,43.098,0,37,210,gemmfp32_cricket_run12
1787967035.1976,257.0002,0,296.348,98,73,1335,gemmfp32_cricket_run12
1787967035.1976,257.0002,1,42.991,0,37,210,gemmfp32_cricket_run12
1787967036.1976,258.0002,0,290.766,98,73,1350,gemmfp32_cricket_run12
1787967036.1976,258.0002,1,43.085,0,37,210,gemmfp32_cricket_run12
1787967037.1976,259.0002,0,305.119,98,73,1350,gemmfp32_cricket_run12
1787967037.1976,259.0002,1,43.267,0,37,210,gemmfp32_cricket_run12
1787967038.1976,260.0002,0,304.072,98,73,1350,gemmfp32_cricket_run12
1787967038.1976,260.0002,1,43.085,0,37,210,gemmfp32_cricket_run12
1787967039.1976,261.0002,0,301.331,98,73,1350,gemmfp32_cricket_run12
1787967039.1976,261.0002,1,43.173,0,37,210,gemmfp32_cricket_run12
1787967040.1976,262.0002,0,305.885,98,73,1350,gemmfp32_cricket_run12
1787967040.1976,262.0002,1,43.283,0,37,210,gemmfp32_cricket_run12
1787967041.1976,263.0002,0,304.844,98,73,1350,gemmfp32_cricket_run12
1787967041.1976,263.0002,1,43.086,0,37,210,gemmfp32_cricket_run12
1787967042.1976,264.0002,0,302.647,98,73,1350,gemmfp32_cricket_run12
1787967042.1976,264.0002,1,43.268,0,37,210,gemmfp32_cricket_run12
1787967043.1976,265.0002,0,303.714,98,73,1350,gemmfp32_cricket_run12
1787967043.1976,265.0002,1,42.991,0,37,210,gemmfp32_cricket_run12
1787967044.1976,266.0002,0,303.873,98,73,1350,gemmfp32_cricket_run12
1787967044.1976,266.0002,1,43.086,0,37,210,gemmfp32_cricket_run12
1787967045.1976,267.0002,0,303.42,98,73,1350,gemmfp32_cricket_run12
1787967045.1976,267.0002,1,43.085,0,37,210,gemmfp32_cricket_run12
1787967046.1976,268.0002,0,301.624,98,73,1350,gemmfp32_cricket_run12
1787967046.1976,268.0002,1,43.186,0,37,210,gemmfp32_cricket_run12
1787967047.1976,269.0002,0,303.893,98,73,1350,gemmfp32_cricket_run12
1787967047.1976,269.0002,1,43.173,0,37,210,gemmfp32_cricket_run12
1787967048.1976,270.0002,0,305.491,98,73,1350,gemmfp32_cricket_run12
1787967048.1976,270.0002,1,43.086,0,37,210,gemmfp32_cricket_run12
1787967049.1976,271.0002,0,303.408,98,73,1350,gemmfp32_cricket_run12
1787967049.1976,271.0002,1,43.086,0,37,210,gemmfp32_cricket_run12
1787967050.1976,272.0002,0,301.798,98,73,1335,gemmfp32_cricket_run12
1787967050.1976,272.0002,1,43.085,0,37,210,gemmfp32_cricket_run12
1787967051.1976,273.0002,0,294.547,98,73,1335,gemmfp32_cricket_run12
1787967051.1976,273.0002,1,43.173,0,37,210,gemmfp32_cricket_run12
1787967052.1976,274.0002,0,298.138,98,73,1350,gemmfp32_cricket_run12
1787967052.1976,274.0002,1,43.181,0,37,210,gemmfp32_cricket_run12
1787967053.1976,275.0002,0,298.063,98,73,1335,gemmfp32_cricket_run12
1787967053.1976,275.0002,1,43.085,0,37,210,gemmfp32_cricket_run12
1787967054.1976,276.0002,0,287.173,98,73,1335,gemmfp32_cricket_run12
1787967054.1976,276.0002,1,43.085,0,37,210,gemmfp32_cricket_run12
1787967055.1976,277.0002,0,292.278,98,73,1335,gemmfp32_cricket_run12
1787967055.1976,277.0002,1,43.107,0,37,210,gemmfp32_cricket_run12
1787967056.1976,278.0002,0,290.282,98,73,1335,gemmfp32_cricket_run12
1787967056.1976,278.0002,1,43.181,0,37,210,gemmfp32_cricket_run12
1787967057.1976,279.0002,0,293.218,98,73,1335,gemmfp32_cricket_run12
1787967057.1976,279.0002,1,43.098,0,37,210,gemmfp32_cricket_run12
1787967058.1976,280.0002,0,291.434,98,73,1335,gemmfp32_cricket_run12
1787967058.1976,280.0002,1,43.094,0,37,210,gemmfp32_cricket_run12
1787967059.1976,281.0002,0,288.209,98,73,1350,gemmfp32_cricket_run12
1787967059.1976,281.0002,1,42.991,0,37,210,gemmfp32_cricket_run12
1787967060.1976,282.0002,0,289.62,98,73,1350,gemmfp32_cricket_run12
1787967060.1976,282.0002,1,43.274,0,37,210,gemmfp32_cricket_run12
1787967061.1976,283.0002,0,291.995,98,73,1350,gemmfp32_cricket_run12
1787967061.1976,283.0002,1,43.179,0,37,210,gemmfp32_cricket_run12
1787967062.1976,284.0002,0,289.642,98,73,1350,gemmfp32_cricket_run12
1787967062.1976,284.0002,1,43.179,0,37,210,gemmfp32_cricket_run12
1787967063.1976,285.0002,0,298.69,98,73,1350,gemmfp32_cricket_run12
1787967063.1976,285.0002,1,42.991,0,37,210,gemmfp32_cricket_run12
1787967064.1976,286.0002,0,303.322,98,73,1350,gemmfp32_cricket_run12
1787967064.1976,286.0002,1,43.189,0,37,210,gemmfp32_cricket_run12
1787967065.1976,287.0002,0,304.829,98,73,1350,gemmfp32_cricket_run12
1787967065.1976,287.0002,1,43.079,0,37,210,gemmfp32_cricket_run12
1787967066.1976,288.0002,0,304.074,98,73,1335,gemmfp32_cricket_run12
1787967066.1976,288.0002,1,43.275,0,37,210,gemmfp32_cricket_run12
1787967067.1976,289.0002,0,303.964,98,73,1350,gemmfp32_cricket_run12
1787967067.1976,289.0002,1,43.268,0,37,210,gemmfp32_cricket_run12
1787967068.1976,290.0002,0,303.894,98,73,1350,gemmfp32_cricket_run12
1787967068.1976,290.0002,1,43.086,0,37,210,gemmfp32_cricket_run12
1787967069.1976,291.0002,0,305.024,98,73,1350,gemmfp32_cricket_run12
1787967069.1976,291.0002,1,43.179,0,37,210,gemmfp32_cricket_run12
1787967070.1976,292.0002,0,303.414,98,73,1350,gemmfp32_cricket_run12
1787967070.1976,292.0002,1,43.186,0,37,210,gemmfp32_cricket_run12
1787967071.1976,293.0002,0,303.135,98,73,1350,gemmfp32_cricket_run12
1787967071.1976,293.0002,1,43.086,0,37,210,gemmfp32_cricket_run12
1787967072.1976,294.0002,0,304.648,98,73,1350,gemmfp32_cricket_run12
1787967072.1976,294.0002,1,43.18,0,37,210,gemmfp32_cricket_run12
1787967073.1976,295.0002,0,303.415,98,73,1350,gemmfp32_cricket_run12
1787967073.1976,295.0002,1,43.086,0,37,210,gemmfp32_cricket_run12
1787967074.1976,296.0002,0,304.737,98,73,1350,gemmfp32_cricket_run12
1787967074.1976,296.0002,1,43.181,0,37,210,gemmfp32_cricket_run12
1787967075.1976,297.0002,0,301.805,98,73,1350,gemmfp32_cricket_run12
1787967075.1976,297.0002,1,43.079,0,37,210,gemmfp32_cricket_run12
1787967076.1976,298.0002,0,302.939,98,73,1335,gemmfp32_cricket_run12
1787967076.1976,298.0002,1,43.275,0,37,210,gemmfp32_cricket_run12
1787967077.1976,299.0002,0,302.568,98,73,1350,gemmfp32_cricket_run12
1787967077.1976,299.0002,1,43.173,0,37,210,gemmfp32_cricket_run12
1787967078.1976,300.0002,0,304.546,98,73,1350,gemmfp32_cricket_run12
1787967078.1976,300.0002,1,43.078,0,37,210,gemmfp32_cricket_run12
