unix_time,elapsed_s,chip_w,chassis_w,die_temp_c,board_temp_c,clock_mhz,util,phase
1787983509.7309,0.0005,41.1,142.1,39.1,27.5,1330.0,20.81,triadfp32_mandelbrot_run16
1787983510.731,1.0006,41.3,142.5,38.9,27.5,1330.0,18.58,triadfp32_mandelbrot_run16
1787983511.731,2.0006,63.1,164.6,39.1,27.5,1330.0,21.75,triadfp32_mandelbrot_run16
1787983512.731,3.0006,61.1,162.5,39.4,27.5,1330.0,23.9,triadfp32_mandelbrot_run16
1787983513.731,4.0006,62.3,164.2,39.2,27.5,1330.0,25.4,triadfp32_mandelbrot_run16
1787983514.731,5.0006,62.7,163.9,39.4,27.5,1330.0,26.62,triadfp32_mandelbrot_run16
1787983515.731,6.0006,60.8,162.3,39.5,27.5,1330.0,27.49,triadfp32_mandelbrot_run16
1787983516.731,7.0006,61.4,163.0,39.5,27.5,1330.0,28.21,triadfp32_mandelbrot_run16
1787983517.731,8.0006,61.4,162.8,39.5,27.5,1330.0,28.78,triadfp32_mandelbrot_run16
1787983518.731,9.0006,60.8,162.4,39.5,27.5,1330.0,29.25,triadfp32_mandelbrot_run16
1787983519.731,10.0006,63.7,165.1,39.6,27.5,1330.0,29.67,triadfp32_mandelbrot_run16
1787983520.731,11.0006,62.7,164.2,39.5,27.5,1330.0,30.0,triadfp32_mandelbrot_run16
1787983521.731,12.0006,61.2,163.0,39.4,27.5,1330.0,30.29,triadfp32_mandelbrot_run16
1787983522.731,13.0006,61.4,163.0,39.4,27.5,1330.0,30.56,triadfp32_mandelbrot_run16
1787983523.731,14.0006,62.4,163.6,39.6,27.5,1330.0,30.79,triadfp32_mandelbrot_run16
1787983524.731,15.0006,61.4,163.1,39.4,27.5,1330.0,30.99,triadfp32_mandelbrot_run16
1787983525.731,16.0006,63.7,165.2,39.6,27.5,1330.0,31.18,triadfp32_mandelbrot_run16
1787983526.731,17.0006,61.9,163.3,39.4,27.5,1330.0,31.34,triadfp32_mandelbrot_run16
1787983527.731,18.0006,61.9,163.6,39.6,27.5,1330.0,31.49,triadfp32_mandelbrot_run16
1787983528.731,19.0006,61.4,163.2,39.5,27.5,1330.0,31.63,triadfp32_mandelbrot_run16
1787983529.731,20.0006,62.3,164.1,39.4,27.5,1330.0,31.74,triadfp32_mandelbrot_run16
1787983530.731,21.0006,63.7,165.0,39.5,27.5,1330.0,31.85,triadfp32_mandelbrot_run16
1787983531.731,22.0006,62.7,164.5,39.5,27.5,1330.0,31.96,triadfp32_mandelbrot_run16
1787983532.731,23.0006,61.9,163.8,39.6,27.5,1330.0,32.05,triadfp32_mandelbrot_run16
1787983533.731,24.0006,60.8,162.8,39.5,27.5,1330.0,32.14,triadfp32_mandelbrot_run16
1787983534.731,25.0006,62.7,164.0,39.6,27.5,1330.0,32.21,triadfp32_mandelbrot_run16
1787983535.731,26.0006,62.7,164.2,39.6,27.5,1330.0,32.29,triadfp32_mandelbrot_run16
1787983536.731,27.0006,62.1,163.7,39.5,27.5,1330.0,32.36,triadfp32_mandelbrot_run16
1787983537.731,28.0006,61.9,163.7,39.5,27.5,1330.0,32.43,triadfp32_mandelbrot_run16
1787983538.731,29.0006,63.1,164.5,39.5,27.5,1330.0,32.5,triadfp32_mandelbrot_run16
1787983539.731,30.0006,62.5,164.1,39.6,27.5,1330.0,32.55,triadfp32_mandelbrot_run16
1787983540.731,31.0006,63.6,165.4,39.6,27.5,1330.0,32.61,triadfp32_mandelbrot_run16
1787983541.731,32.0006,61.2,162.7,39.6,27.5,1330.0,32.66,triadfp32_mandelbrot_run16
1787983542.731,33.0006,62.5,164.1,39.4,27.6,1330.0,32.71,triadfp32_mandelbrot_run16
1787983543.731,34.0006,64.0,165.9,39.5,27.5,1330.0,32.75,triadfp32_mandelbrot_run16
1787983544.731,35.0006,62.7,164.7,39.6,27.5,1330.0,32.8,triadfp32_mandelbrot_run16
1787983545.731,36.0006,63.7,165.6,39.7,27.5,1330.0,32.84,triadfp32_mandelbrot_run16
1787983546.731,37.0006,63.6,165.2,39.6,27.5,1330.0,32.88,triadfp32_mandelbrot_run16
1787983547.731,38.0006,62.9,164.8,39.6,27.5,1330.0,32.92,triadfp32_mandelbrot_run16
1787983548.731,39.0006,61.7,163.4,39.6,27.6,1330.0,32.95,triadfp32_mandelbrot_run16
1787983549.731,40.0006,63.6,165.6,39.6,27.6,1330.0,32.99,triadfp32_mandelbrot_run16
1787983550.731,41.0006,64.0,165.5,39.5,27.5,1330.0,33.02,triadfp32_mandelbrot_run16
1787983551.731,42.0006,61.7,163.3,39.5,27.6,1330.0,33.05,triadfp32_mandelbrot_run16
1787983552.731,43.0006,60.7,162.4,39.7,27.6,1330.0,33.09,triadfp32_mandelbrot_run16
1787983553.731,44.0006,61.5,163.1,39.7,27.5,1330.0,33.12,triadfp32_mandelbrot_run16
1787983554.731,45.0006,61.1,162.7,39.6,27.6,1330.0,33.15,triadfp32_mandelbrot_run16
1787983555.731,46.0006,62.1,163.6,39.5,27.6,1330.0,33.18,triadfp32_mandelbrot_run16
1787983556.731,47.0006,60.8,162.3,39.6,27.6,1330.0,33.2,triadfp32_mandelbrot_run16
1787983557.731,48.0006,62.0,163.6,39.7,27.6,1330.0,33.23,triadfp32_mandelbrot_run16
1787983558.731,49.0006,63.7,164.8,39.6,27.5,1330.0,33.25,triadfp32_mandelbrot_run16
1787983559.731,50.0006,63.4,164.5,39.6,27.6,1330.0,33.28,triadfp32_mandelbrot_run16
1787983560.731,51.0006,63.1,164.5,39.7,27.6,1330.0,33.3,triadfp32_mandelbrot_run16
1787983561.731,52.0006,62.3,163.7,39.6,27.6,1330.0,33.32,triadfp32_mandelbrot_run16
1787983562.731,53.0006,61.2,162.6,39.6,27.6,1330.0,33.34,triadfp32_mandelbrot_run16
1787983563.731,54.0006,62.1,163.3,39.6,27.6,1330.0,33.36,triadfp32_mandelbrot_run16
1787983564.731,55.0006,63.6,165.7,39.7,27.6,1330.0,33.38,triadfp32_mandelbrot_run16
1787983565.731,56.0006,62.1,163.3,39.7,27.6,1330.0,33.4,triadfp32_mandelbrot_run16
1787983566.731,57.0006,62.5,163.8,39.6,27.6,1330.0,33.42,triadfp32_mandelbrot_run16
1787983567.731,58.0006,62.1,163.7,39.6,27.6,1330.0,33.44,triadfp32_mandelbrot_run16
1787983568.731,59.0006,63.7,165.3,39.6,27.6,1330.0,33.45,triadfp32_mandelbrot_run16
1787983569.731,60.0006,62.9,165.1,39.5,27.6,1330.0,33.47,triadfp32_mandelbrot_run16
1787983570.731,61.0006,62.5,164.3,39.6,27.6,1330.0,33.48,triadfp32_mandelbrot_run16
1787983571.731,62.0006,63.6,165.2,39.6,27.6,1330.0,33.5,triadfp32_mandelbrot_run16
1787983572.731,63.0006,61.1,162.2,39.7,27.6,1330.0,33.51,triadfp32_mandelbrot_run16
1787983573.731,64.0006,62.5,164.5,39.7,27.6,1330.0,33.52,triadfp32_mandelbrot_run16
1787983574.731,65.0006,62.3,164.1,39.8,27.6,1330.0,33.53,triadfp32_mandelbrot_run16
1787983575.731,66.0006,60.6,162.1,39.6,27.6,1330.0,33.55,triadfp32_mandelbrot_run16
1787983576.731,67.0006,60.8,162.4,39.7,27.6,1330.0,33.56,triadfp32_mandelbrot_run16
1787983577.731,68.0006,62.5,164.6,39.7,27.6,1330.0,33.57,triadfp32_mandelbrot_run16
1787983578.731,69.0006,62.7,164.4,39.7,27.6,1330.0,33.58,triadfp32_mandelbrot_run16
1787983579.731,70.0006,61.1,162.8,39.7,27.6,1330.0,33.59,triadfp32_mandelbrot_run16
1787983580.731,71.0006,64.2,165.7,39.7,27.6,1330.0,33.6,triadfp32_mandelbrot_run16
1787983581.731,72.0006,63.7,164.9,39.7,27.6,1330.0,33.61,triadfp32_mandelbrot_run16
1787983582.731,73.0006,63.7,165.3,39.9,27.6,1330.0,33.62,triadfp32_mandelbrot_run16
1787983583.731,74.0006,61.9,163.7,39.7,27.6,1330.0,33.63,triadfp32_mandelbrot_run16
1787983584.731,75.0006,62.3,164.2,39.7,27.6,1330.0,33.64,triadfp32_mandelbrot_run16
1787983585.731,76.0006,61.2,163.1,39.7,27.6,1330.0,33.64,triadfp32_mandelbrot_run16
1787983586.731,77.0006,62.9,164.7,39.7,27.6,1330.0,33.65,triadfp32_mandelbrot_run16
1787983587.731,78.0006,62.3,164.1,39.9,27.6,1330.0,33.66,triadfp32_mandelbrot_run16
1787983588.731,79.0006,61.4,162.7,39.6,27.6,1330.0,33.67,triadfp32_mandelbrot_run16
1787983589.731,80.0006,62.9,164.7,39.6,27.6,1330.0,33.68,triadfp32_mandelbrot_run16
1787983590.731,81.0006,63.7,165.7,39.7,27.6,1330.0,33.69,triadfp32_mandelbrot_run16
1787983591.731,82.0006,62.5,164.4,39.7,27.6,1330.0,33.69,triadfp32_mandelbrot_run16
1787983592.731,83.0006,61.1,162.4,39.6,27.6,1330.0,33.7,triadfp32_mandelbrot_run16
1787983593.731,84.0006,62.7,164.1,39.6,27.6,1330.0,33.71,triadfp32_mandelbrot_run16
1787983594.731,85.0006,60.6,162.4,39.6,27.6,1330.0,33.72,triadfp32_mandelbrot_run16
1787983595.731,86.0006,58.8,160.4,39.6,27.6,1330.0,33.72,triadfp32_mandelbrot_run16
1787983596.731,87.0006,62.1,163.7,39.9,27.6,1330.0,33.73,triadfp32_mandelbrot_run16
1787983597.731,88.0006,62.9,165.3,39.6,27.6,1330.0,33.74,triadfp32_mandelbrot_run16
1787983598.731,89.0006,62.9,164.7,39.9,27.6,1330.0,33.75,triadfp32_mandelbrot_run16
1787983599.731,90.0006,61.3,163.1,39.7,27.6,1330.0,33.76,triadfp32_mandelbrot_run16
1787983600.731,91.0006,63.4,165.2,39.7,27.6,1330.0,33.77,triadfp32_mandelbrot_run16
1787983601.731,92.0006,61.1,162.5,39.7,27.6,1330.0,33.78,triadfp32_mandelbrot_run16
1787983602.731,93.0006,62.1,164.1,39.7,27.6,1330.0,33.78,triadfp32_mandelbrot_run16
1787983603.731,94.0006,62.5,163.9,39.7,27.6,1330.0,33.79,triadfp32_mandelbrot_run16
1787983604.731,95.0006,60.2,161.8,39.6,27.6,1330.0,33.8,triadfp32_mandelbrot_run16
1787983605.731,96.0006,63.7,165.4,39.9,27.6,1330.0,33.8,triadfp32_mandelbrot_run16
1787983606.731,97.0006,62.1,164.2,39.7,27.6,1330.0,33.81,triadfp32_mandelbrot_run16
1787983607.731,98.0006,64.0,165.6,39.7,27.6,1330.0,33.82,triadfp32_mandelbrot_run16
1787983608.731,99.0006,62.9,164.3,39.7,27.6,1330.0,33.82,triadfp32_mandelbrot_run16
1787983609.731,100.0006,63.4,165.0,39.7,27.6,1330.0,33.83,triadfp32_mandelbrot_run16
1787983610.731,101.0006,62.9,165.1,39.7,27.6,1330.0,33.84,triadfp32_mandelbrot_run16
1787983611.731,102.0006,62.5,164.4,39.7,27.6,1330.0,33.84,triadfp32_mandelbrot_run16
1787983612.731,103.0006,61.7,163.1,39.7,27.6,1330.0,33.85,triadfp32_mandelbrot_run16
1787983613.731,104.0006,62.7,164.1,39.7,27.6,1330.0,33.86,triadfp32_mandelbrot_run16
1787983614.731,105.0006,64.0,165.2,39.7,27.6,1330.0,33.86,triadfp32_mandelbrot_run16
1787983615.731,106.0006,63.1,164.9,39.7,27.6,1330.0,33.87,triadfp32_mandelbrot_run16
1787983616.731,107.0006,61.2,163.5,39.7,27.6,1330.0,33.88,triadfp32_mandelbrot_run16
1787983617.731,108.0006,62.3,164.0,39.7,27.6,1330.0,33.88,triadfp32_mandelbrot_run16
1787983618.731,109.0006,61.9,163.3,39.7,27.6,1330.0,33.89,triadfp32_mandelbrot_run16
1787983619.731,110.0006,64.0,165.6,39.7,27.6,1330.0,33.89,triadfp32_mandelbrot_run16
1787983620.731,111.0006,61.3,163.3,39.8,27.6,1330.0,33.9,triadfp32_mandelbrot_run16
1787983621.731,112.0006,63.6,165.4,39.6,27.6,1330.0,33.91,triadfp32_mandelbrot_run16
1787983622.731,113.0006,63.4,164.9,39.7,27.6,1330.0,33.91,triadfp32_mandelbrot_run16
1787983623.731,114.0006,63.7,165.5,39.9,27.6,1330.0,33.92,triadfp32_mandelbrot_run16
1787983624.731,115.0006,63.7,165.3,39.7,27.6,1330.0,33.92,triadfp32_mandelbrot_run16
1787983625.731,116.0006,62.5,164.2,39.7,27.6,1330.0,33.93,triadfp32_mandelbrot_run16
1787983626.731,117.0006,62.5,163.9,39.7,27.6,1330.0,33.93,triadfp32_mandelbrot_run16
1787983627.731,118.0006,61.5,162.5,39.6,27.6,1330.0,33.94,triadfp32_mandelbrot_run16
1787983628.731,119.0006,63.1,165.0,39.6,27.6,1330.0,33.94,triadfp32_mandelbrot_run16
1787983629.731,120.0006,61.9,163.7,39.7,27.6,1330.0,33.95,triadfp32_mandelbrot_run16
1787983630.731,121.0006,62.5,163.9,39.7,27.6,1330.0,33.95,triadfp32_mandelbrot_run16
1787983631.731,122.0006,63.7,165.2,39.7,27.6,1330.0,33.96,triadfp32_mandelbrot_run16
1787983632.731,123.0006,63.2,164.9,39.7,27.6,1330.0,33.96,triadfp32_mandelbrot_run16
1787983633.731,124.0006,62.9,164.3,39.7,27.6,1330.0,33.96,triadfp32_mandelbrot_run16
1787983634.731,125.0006,61.9,163.5,39.7,27.6,1330.0,33.97,triadfp32_mandelbrot_run16
1787983635.731,126.0006,61.2,162.6,39.9,27.6,1330.0,33.97,triadfp32_mandelbrot_run16
1787983636.7313,127.0009,61.7,163.8,39.7,27.6,1330.0,33.97,triadfp32_mandelbrot_run16
1787983637.731,128.0006,62.5,164.1,39.7,27.6,1330.0,33.98,triadfp32_mandelbrot_run16
1787983638.731,129.0006,62.5,164.5,39.7,27.6,1330.0,33.98,triadfp32_mandelbrot_run16
1787983639.731,130.0006,61.7,163.7,39.9,27.6,1330.0,33.99,triadfp32_mandelbrot_run16
1787983640.731,131.0006,61.4,163.1,39.7,27.6,1330.0,33.99,triadfp32_mandelbrot_run16
1787983641.731,132.0006,61.9,163.4,39.7,27.6,1330.0,33.99,triadfp32_mandelbrot_run16
1787983642.731,133.0006,63.6,165.6,39.9,27.6,1330.0,34.0,triadfp32_mandelbrot_run16
1787983643.7309,134.0006,61.7,163.5,39.7,27.6,1330.0,34.0,triadfp32_mandelbrot_run16
1787983644.731,135.0006,60.1,161.9,39.7,27.6,1330.0,34.0,triadfp32_mandelbrot_run16
1787983645.731,136.0006,63.7,165.7,39.7,27.6,1330.0,34.01,triadfp32_mandelbrot_run16
1787983646.7309,137.0006,63.4,165.4,39.7,27.6,1330.0,34.01,triadfp32_mandelbrot_run16
1787983647.731,138.0006,61.7,163.3,39.7,27.6,1330.0,34.02,triadfp32_mandelbrot_run16
1787983648.731,139.0006,62.1,163.8,39.7,27.6,1330.0,34.02,triadfp32_mandelbrot_run16
1787983649.731,140.0006,61.7,162.9,39.7,27.6,1330.0,34.02,triadfp32_mandelbrot_run16
1787983650.731,141.0006,60.6,162.0,39.7,27.6,1330.0,34.03,triadfp32_mandelbrot_run16
1787983651.731,142.0006,63.6,165.3,39.7,27.6,1330.0,34.02,triadfp32_mandelbrot_run16
1787983652.731,143.0006,63.7,165.3,39.7,27.6,1330.0,34.03,triadfp32_mandelbrot_run16
1787983653.731,144.0006,64.0,165.6,39.7,27.6,1330.0,34.03,triadfp32_mandelbrot_run16
1787983654.731,145.0006,62.1,163.5,39.7,27.6,1330.0,34.03,triadfp32_mandelbrot_run16
1787983655.731,146.0006,63.1,164.5,39.7,27.6,1330.0,34.04,triadfp32_mandelbrot_run16
1787983656.731,147.0006,64.2,165.8,39.9,27.6,1330.0,34.04,triadfp32_mandelbrot_run16
1787983657.731,148.0006,62.1,163.7,39.6,27.6,1330.0,34.05,triadfp32_mandelbrot_run16
1787983658.731,149.0006,64.4,165.9,39.7,27.6,1330.0,34.05,triadfp32_mandelbrot_run16
1787983659.731,150.0006,61.9,163.9,39.9,27.6,1330.0,34.06,triadfp32_mandelbrot_run16
1787983660.731,151.0006,61.9,163.3,39.7,27.6,1330.0,34.06,triadfp32_mandelbrot_run16
1787983661.731,152.0006,61.9,164.1,39.9,27.6,1330.0,34.06,triadfp32_mandelbrot_run16
1787983662.731,153.0006,61.4,163.0,39.7,27.6,1330.0,34.07,triadfp32_mandelbrot_run16
1787983663.731,154.0006,64.2,166.5,39.7,27.6,1330.0,34.07,triadfp32_mandelbrot_run16
1787983664.731,155.0006,61.1,163.0,39.7,27.6,1330.0,34.07,triadfp32_mandelbrot_run16
1787983665.731,156.0006,62.3,164.6,39.7,27.6,1330.0,34.07,triadfp32_mandelbrot_run16
1787983666.731,157.0006,62.3,164.1,39.7,27.6,1330.0,34.08,triadfp32_mandelbrot_run16
1787983667.731,158.0006,63.7,165.7,39.6,27.6,1330.0,34.08,triadfp32_mandelbrot_run16
1787983668.731,159.0006,61.9,163.5,39.9,27.6,1330.0,34.08,triadfp32_mandelbrot_run16
1787983669.731,160.0006,61.9,163.4,39.7,27.6,1330.0,34.08,triadfp32_mandelbrot_run16
1787983670.731,161.0006,63.7,165.5,39.7,27.6,1330.0,34.09,triadfp32_mandelbrot_run16
1787983671.731,162.0006,62.9,164.4,39.9,27.6,1330.0,34.09,triadfp32_mandelbrot_run16
1787983672.731,163.0006,62.3,163.3,39.9,27.6,1330.0,34.1,triadfp32_mandelbrot_run16
1787983673.731,164.0006,61.4,163.1,39.9,27.6,1330.0,34.1,triadfp32_mandelbrot_run16
1787983674.731,165.0006,64.0,166.0,39.7,27.6,1330.0,34.1,triadfp32_mandelbrot_run16
1787983675.731,166.0006,62.3,163.9,39.7,27.6,1330.0,34.1,triadfp32_mandelbrot_run16
1787983676.731,167.0006,64.0,165.7,39.9,27.6,1330.0,34.11,triadfp32_mandelbrot_run16
1787983677.731,168.0006,61.9,163.6,39.9,27.6,1330.0,34.11,triadfp32_mandelbrot_run16
1787983678.731,169.0006,61.1,163.1,39.7,27.6,1330.0,34.11,triadfp32_mandelbrot_run16
1787983679.731,170.0006,62.7,164.3,39.7,27.6,1330.0,34.11,triadfp32_mandelbrot_run16
1787983680.731,171.0006,61.7,163.7,39.9,27.6,1330.0,34.12,triadfp32_mandelbrot_run16
1787983681.731,172.0006,62.7,164.7,39.9,27.6,1330.0,34.12,triadfp32_mandelbrot_run16
1787983682.731,173.0006,62.7,164.3,39.9,27.6,1330.0,34.12,triadfp32_mandelbrot_run16
1787983683.731,174.0006,62.7,164.0,39.7,27.6,1330.0,34.12,triadfp32_mandelbrot_run16
1787983684.731,175.0006,61.4,163.4,39.7,27.6,1330.0,34.13,triadfp32_mandelbrot_run16
1787983685.731,176.0006,62.5,164.0,39.7,27.6,1330.0,34.13,triadfp32_mandelbrot_run16
1787983686.731,177.0006,62.3,163.8,39.7,27.6,1330.0,34.13,triadfp32_mandelbrot_run16
1787983687.731,178.0006,61.4,162.8,39.9,27.6,1330.0,34.13,triadfp32_mandelbrot_run16
1787983688.731,179.0006,61.2,162.9,39.9,27.6,1330.0,34.13,triadfp32_mandelbrot_run16
1787983689.731,180.0006,64.0,166.0,39.9,27.6,1330.0,34.14,triadfp32_mandelbrot_run16
1787983690.731,181.0006,62.3,164.4,39.7,27.6,1330.0,34.14,triadfp32_mandelbrot_run16
1787983691.731,182.0006,62.3,163.3,39.9,27.6,1330.0,34.14,triadfp32_mandelbrot_run16
1787983692.731,183.0006,64.2,166.2,39.7,27.6,1330.0,34.14,triadfp32_mandelbrot_run16
1787983693.731,184.0006,62.1,163.9,39.7,27.6,1330.0,34.15,triadfp32_mandelbrot_run16
1787983694.731,185.0006,62.5,164.4,39.7,27.6,1330.0,34.15,triadfp32_mandelbrot_run16
1787983695.731,186.0006,63.4,165.2,39.7,27.6,1330.0,34.15,triadfp32_mandelbrot_run16
1787983696.731,187.0006,63.7,165.8,39.9,27.6,1330.0,34.15,triadfp32_mandelbrot_run16
1787983697.731,188.0006,62.5,164.1,39.9,27.6,1330.0,34.16,triadfp32_mandelbrot_run16
1787983698.731,189.0006,62.7,164.7,39.9,27.6,1330.0,34.16,triadfp32_mandelbrot_run16
1787983699.731,190.0006,63.1,164.7,40.1,27.6,1330.0,34.16,triadfp32_mandelbrot_run16
1787983700.731,191.0006,61.4,163.4,39.7,27.7,1330.0,34.16,triadfp32_mandelbrot_run16
1787983701.731,192.0006,60.5,162.5,39.9,27.7,1330.0,34.16,triadfp32_mandelbrot_run16
1787983702.731,193.0006,61.2,163.0,39.6,27.6,1330.0,34.17,triadfp32_mandelbrot_run16
1787983703.731,194.0006,63.1,164.8,39.7,27.6,1330.0,34.17,triadfp32_mandelbrot_run16
1787983704.731,195.0006,61.7,163.8,39.9,27.6,1330.0,34.17,triadfp32_mandelbrot_run16
1787983705.731,196.0006,62.3,164.5,39.7,27.6,1330.0,34.17,triadfp32_mandelbrot_run16
1787983706.731,197.0006,61.7,163.3,39.7,27.6,1330.0,34.18,triadfp32_mandelbrot_run16
1787983707.731,198.0006,61.9,164.2,39.7,27.6,1330.0,34.18,triadfp32_mandelbrot_run16
1787983708.731,199.0006,62.1,164.0,39.6,27.7,1330.0,34.18,triadfp32_mandelbrot_run16
1787983709.731,200.0006,63.1,165.2,39.6,27.6,1330.0,34.18,triadfp32_mandelbrot_run16
1787983710.731,201.0006,63.7,165.6,39.9,27.6,1330.0,34.18,triadfp32_mandelbrot_run16
1787983711.731,202.0006,60.9,162.9,39.9,27.7,1330.0,34.18,triadfp32_mandelbrot_run16
1787983712.731,203.0006,63.6,165.4,39.9,27.6,1330.0,34.19,triadfp32_mandelbrot_run16
1787983713.731,204.0006,61.9,163.7,39.7,27.7,1330.0,34.19,triadfp32_mandelbrot_run16
1787983714.7309,205.0006,62.5,164.3,39.7,27.6,1330.0,34.19,triadfp32_mandelbrot_run16
1787983715.731,206.0006,62.7,164.3,39.7,27.7,1330.0,34.19,triadfp32_mandelbrot_run16
1787983716.731,207.0006,62.1,163.7,39.9,27.7,1330.0,34.19,triadfp32_mandelbrot_run16
1787983717.731,208.0006,62.1,163.7,39.7,27.7,1330.0,34.2,triadfp32_mandelbrot_run16
1787983718.731,209.0006,61.7,163.7,39.9,27.6,1330.0,34.2,triadfp32_mandelbrot_run16
1787983719.731,210.0006,64.0,165.2,39.9,27.7,1330.0,34.2,triadfp32_mandelbrot_run16
1787983720.731,211.0006,62.3,164.3,39.9,27.7,1330.0,34.2,triadfp32_mandelbrot_run16
1787983721.731,212.0006,53.5,155.2,40.1,27.6,1330.0,34.2,triadfp32_mandelbrot_run16
1787983722.731,213.0006,63.1,164.8,39.9,27.6,1330.0,34.21,triadfp32_mandelbrot_run16
1787983723.731,214.0006,61.9,163.8,39.9,27.6,1330.0,34.21,triadfp32_mandelbrot_run16
1787983724.731,215.0006,61.4,162.9,39.9,27.7,1330.0,34.21,triadfp32_mandelbrot_run16
1787983725.731,216.0006,63.1,164.8,39.7,27.7,1330.0,34.21,triadfp32_mandelbrot_run16
1787983726.731,217.0006,62.9,164.4,39.9,27.7,1330.0,34.21,triadfp32_mandelbrot_run16
1787983727.731,218.0006,61.7,163.7,39.9,27.7,1330.0,34.21,triadfp32_mandelbrot_run16
1787983728.731,219.0006,61.4,163.5,39.9,27.7,1330.0,34.22,triadfp32_mandelbrot_run16
1787983729.731,220.0006,62.7,164.5,40.1,27.7,1330.0,34.22,triadfp32_mandelbrot_run16
1787983730.731,221.0006,63.7,165.9,39.9,27.7,1330.0,34.22,triadfp32_mandelbrot_run16
1787983731.731,222.0006,63.7,165.3,39.9,27.7,1330.0,34.22,triadfp32_mandelbrot_run16
1787983732.731,223.0006,63.6,165.2,39.9,27.6,1330.0,34.22,triadfp32_mandelbrot_run16
1787983733.731,224.0006,64.4,166.1,39.9,27.7,1330.0,34.22,triadfp32_mandelbrot_run16
1787983734.731,225.0006,61.4,162.8,39.9,27.7,1330.0,34.23,triadfp32_mandelbrot_run16
1787983735.731,226.0006,61.5,163.3,40.1,27.7,1330.0,34.23,triadfp32_mandelbrot_run16
1787983736.731,227.0006,62.1,163.9,39.9,27.7,1330.0,34.23,triadfp32_mandelbrot_run16
1787983737.731,228.0006,61.2,163.2,39.9,27.7,1330.0,34.23,triadfp32_mandelbrot_run16
1787983738.731,229.0006,61.7,163.5,39.7,27.7,1330.0,34.23,triadfp32_mandelbrot_run16
1787983739.731,230.0006,63.6,165.3,39.9,27.7,1330.0,34.23,triadfp32_mandelbrot_run16
1787983740.731,231.0006,63.6,165.3,39.9,27.7,1330.0,34.23,triadfp32_mandelbrot_run16
1787983741.731,232.0006,62.0,163.8,39.9,27.7,1330.0,34.24,triadfp32_mandelbrot_run16
1787983742.731,233.0006,61.4,162.7,39.9,27.7,1330.0,34.24,triadfp32_mandelbrot_run16
1787983743.731,234.0006,63.7,165.5,39.7,27.7,1330.0,34.24,triadfp32_mandelbrot_run16
1787983744.731,235.0006,61.5,163.2,40.1,27.7,1330.0,34.24,triadfp32_mandelbrot_run16
1787983745.731,236.0006,64.0,165.8,40.1,27.7,1330.0,34.24,triadfp32_mandelbrot_run16
1787983746.731,237.0006,61.7,163.4,39.9,27.7,1330.0,34.24,triadfp32_mandelbrot_run16
1787983747.731,238.0006,61.1,163.2,39.9,27.7,1330.0,34.24,triadfp32_mandelbrot_run16
1787983748.731,239.0006,61.1,163.1,39.9,27.7,1330.0,34.25,triadfp32_mandelbrot_run16
1787983749.731,240.0006,62.1,164.0,39.7,27.7,1330.0,34.25,triadfp32_mandelbrot_run16
1787983750.731,241.0006,62.4,163.9,39.7,27.7,1330.0,34.25,triadfp32_mandelbrot_run16
1787983751.731,242.0006,61.9,163.5,39.9,27.7,1330.0,34.25,triadfp32_mandelbrot_run16
1787983752.731,243.0006,64.0,165.9,39.9,27.7,1330.0,34.25,triadfp32_mandelbrot_run16
1787983753.731,244.0006,62.3,164.4,39.8,27.7,1330.0,34.25,triadfp32_mandelbrot_run16
1787983754.731,245.0006,62.9,164.6,39.8,27.7,1330.0,34.25,triadfp32_mandelbrot_run16
1787983755.731,246.0006,62.7,164.6,39.9,27.7,1330.0,34.25,triadfp32_mandelbrot_run16
1787983756.731,247.0006,62.5,163.9,39.9,27.7,1330.0,34.26,triadfp32_mandelbrot_run16
1787983757.731,248.0006,63.7,165.3,39.9,27.7,1330.0,34.26,triadfp32_mandelbrot_run16
1787983758.731,249.0006,61.5,163.1,39.9,27.7,1330.0,34.26,triadfp32_mandelbrot_run16
1787983759.731,250.0006,62.9,164.1,39.7,27.7,1330.0,34.26,triadfp32_mandelbrot_run16
1787983760.731,251.0006,62.9,165.0,39.7,27.7,1330.0,34.26,triadfp32_mandelbrot_run16
1787983761.731,252.0006,61.1,162.7,39.8,27.7,1330.0,34.26,triadfp32_mandelbrot_run16
1787983762.731,253.0006,62.9,164.3,39.7,27.7,1330.0,34.26,triadfp32_mandelbrot_run16
1787983763.731,254.0006,62.7,164.0,40.1,27.7,1330.0,34.27,triadfp32_mandelbrot_run16
1787983764.731,255.0006,64.2,166.3,39.9,27.7,1330.0,34.27,triadfp32_mandelbrot_run16
1787983765.731,256.0006,64.0,165.8,39.6,27.7,1330.0,34.27,triadfp32_mandelbrot_run16
1787983766.731,257.0006,63.6,165.1,39.7,27.7,1330.0,34.27,triadfp32_mandelbrot_run16
1787983767.731,258.0006,61.6,163.5,39.7,27.7,1330.0,34.27,triadfp32_mandelbrot_run16
1787983768.731,259.0006,62.1,164.4,39.9,27.7,1330.0,34.27,triadfp32_mandelbrot_run16
1787983769.731,260.0006,64.0,165.6,40.1,27.7,1330.0,34.27,triadfp32_mandelbrot_run16
1787983770.731,261.0006,64.0,165.9,40.1,27.7,1330.0,34.27,triadfp32_mandelbrot_run16
1787983771.731,262.0006,61.7,163.4,39.7,27.7,1330.0,34.27,triadfp32_mandelbrot_run16
1787983772.731,263.0006,61.9,163.9,39.9,27.7,1330.0,34.27,triadfp32_mandelbrot_run16
1787983773.731,264.0006,63.4,164.9,40.1,27.7,1330.0,34.27,triadfp32_mandelbrot_run16
1787983774.731,265.0006,64.2,165.6,39.9,27.7,1330.0,34.27,triadfp32_mandelbrot_run16
1787983775.731,266.0006,62.1,163.5,39.9,27.7,1330.0,34.28,triadfp32_mandelbrot_run16
1787983776.731,267.0006,62.9,164.5,39.9,27.7,1330.0,34.28,triadfp32_mandelbrot_run16
1787983777.731,268.0006,62.3,163.8,39.7,27.7,1330.0,34.28,triadfp32_mandelbrot_run16
1787983778.731,269.0006,62.7,164.5,40.1,27.7,1330.0,34.28,triadfp32_mandelbrot_run16
1787983779.731,270.0006,62.7,164.3,39.7,27.7,1330.0,34.28,triadfp32_mandelbrot_run16
1787983780.731,271.0006,64.2,166.0,39.9,27.7,1330.0,34.28,triadfp32_mandelbrot_run16
1787983781.731,272.0006,62.5,164.3,39.7,27.7,1330.0,34.28,triadfp32_mandelbrot_run16
1787983782.731,273.0006,62.9,164.6,39.8,27.7,1330.0,34.28,triadfp32_mandelbrot_run16
1787983783.731,274.0006,61.5,163.1,39.9,27.7,1330.0,34.28,triadfp32_mandelbrot_run16
1787983784.731,275.0006,62.9,164.8,39.9,27.7,1330.0,34.28,triadfp32_mandelbrot_run16
1787983785.731,276.0006,63.6,165.0,39.7,27.7,1330.0,34.28,triadfp32_mandelbrot_run16
1787983786.731,277.0006,64.2,165.9,39.9,27.7,1330.0,34.29,triadfp32_mandelbrot_run16
1787983787.731,278.0006,64.0,165.8,39.9,27.7,1330.0,34.29,triadfp32_mandelbrot_run16
1787983788.731,279.0006,61.5,163.3,39.9,27.7,1330.0,34.29,triadfp32_mandelbrot_run16
1787983789.731,280.0006,61.7,163.3,39.9,27.7,1330.0,34.29,triadfp32_mandelbrot_run16
1787983790.731,281.0007,64.0,166.0,39.7,27.7,1330.0,34.29,triadfp32_mandelbrot_run16
1787983791.731,282.0006,61.7,163.5,39.9,27.7,1330.0,34.28,triadfp32_mandelbrot_run16
1787983792.731,283.0006,63.1,164.5,39.9,27.7,1330.0,34.29,triadfp32_mandelbrot_run16
1787983793.731,284.0006,63.6,165.3,40.1,27.7,1330.0,34.29,triadfp32_mandelbrot_run16
1787983794.731,285.0006,62.3,164.2,39.7,27.7,1330.0,34.29,triadfp32_mandelbrot_run16
1787983795.731,286.0006,61.4,162.8,39.9,27.7,1330.0,34.29,triadfp32_mandelbrot_run16
1787983796.731,287.0006,62.7,164.5,39.9,27.7,1330.0,34.29,triadfp32_mandelbrot_run16
1787983797.731,288.0006,63.1,164.8,39.9,27.7,1330.0,34.29,triadfp32_mandelbrot_run16
1787983798.731,289.0006,64.0,166.1,40.0,27.7,1330.0,34.29,triadfp32_mandelbrot_run16
1787983799.731,290.0006,62.1,163.7,39.7,27.7,1330.0,34.29,triadfp32_mandelbrot_run16
1787983800.731,291.0006,61.9,163.5,40.1,27.7,1330.0,34.29,triadfp32_mandelbrot_run16
1787983801.731,292.0006,63.7,165.6,39.7,27.7,1330.0,34.29,triadfp32_mandelbrot_run16
1787983802.731,293.0006,61.9,163.3,39.9,27.7,1330.0,34.3,triadfp32_mandelbrot_run16
1787983803.731,294.0006,60.6,162.3,39.9,27.7,1330.0,34.3,triadfp32_mandelbrot_run16
1787983804.731,295.0006,63.1,165.0,39.9,27.7,1330.0,34.3,triadfp32_mandelbrot_run16
1787983805.731,296.0006,61.3,163.5,39.7,27.7,1330.0,34.3,triadfp32_mandelbrot_run16
1787983806.731,297.0006,63.6,165.4,39.9,27.7,1330.0,34.3,triadfp32_mandelbrot_run16
1787983807.731,298.0006,63.4,165.6,39.7,27.7,1330.0,34.3,triadfp32_mandelbrot_run16
1787983808.731,299.0006,63.1,164.3,40.1,27.7,1330.0,34.3,triadfp32_mandelbrot_run16
1787983809.731,300.0006,62.7,164.1,40.1,27.7,1330.0,34.3,triadfp32_mandelbrot_run16
